STATION,NAME,location,date,TMAX,TMIN,max_c,min_c,average_c
UK000000000,"CET CENTRAL ENGLAND, UK",Birmingham,01/07/2021,72,50,22.2,10.0,16.1
UK000000000,"CET CENTRAL ENGLAND, UK",Birmingham,02/07/2021,70,54,21.1,12.2,16.7
UK000000000,"CET CENTRAL ENGLAND, UK",Birmingham,03/07/2021,69,58,20.6,14.4,17.5
UK000000000,"CET CENTRAL ENGLAND, UK",Birmingham,04/07/2021,67,58,19.4,14.4,16.9
UK000000000,"CET CENTRAL ENGLAND, UK",Birmingham,05/07/2021,65,55,18.3,12.8,15.6
UK000000000,"CET CENTRAL ENGLAND, UK",Birmingham,06/07/2021,70,53,21.1,11.7,16.4
UK000000000,"CET CENTRAL ENGLAND, UK",Birmingham,07/07/2021,70,55,21.1,12.8,16.9
UK000000000,"CET CENTRAL ENGLAND, UK",Birmingham,08/07/2021,71,55,21.7,12.8,17.2
UK000000000,"CET CENTRAL ENGLAND, UK",Birmingham,09/07/2021,68,54,20.0,12.2,16.1
UK000000000,"CET CENTRAL ENGLAND, UK",Birmingham,10/07/2021,69,56,20.6,13.3,16.9
UK000000000,"CET CENTRAL ENGLAND, UK",Birmingham,11/07/2021,68,53,20.0,11.7,15.8
UK000000000,"CET CENTRAL ENGLAND, UK",Birmingham,12/07/2021,71,56,21.7,13.3,17.5
UK000000000,"CET CENTRAL ENGLAND, UK",Birmingham,13/07/2021,72,57,22.2,13.9,18.1
UK000000000,"CET CENTRAL ENGLAND, UK",Birmingham,14/07/2021,72,54,22.2,12.2,17.2
UK000000000,"CET CENTRAL ENGLAND, UK",Birmingham,15/07/2021,78,55,25.6,12.8,19.2
UK000000000,"CET CENTRAL ENGLAND, UK",Birmingham,16/07/2021,81,52,27.2,11.1,19.2
UK000000000,"CET CENTRAL ENGLAND, UK",Birmingham,17/07/2021,83,57,28.3,13.9,21.1
UK000000000,"CET CENTRAL ENGLAND, UK",Birmingham,18/07/2021,82,57,27.8,13.9,20.8
UK000000000,"CET CENTRAL ENGLAND, UK",Birmingham,19/07/2021,83,58,28.3,14.4,21.4
UK000000000,"CET CENTRAL ENGLAND, UK",Birmingham,20/07/2021,83,59,28.3,15.0,21.7
UK000000000,"CET CENTRAL ENGLAND, UK",Birmingham,21/07/2021,85,58,29.4,14.4,21.9
UK000000000,"CET CENTRAL ENGLAND, UK",Birmingham,22/07/2021,75,60,23.9,15.6,19.7
UK000000000,"CET CENTRAL ENGLAND, UK",Birmingham,23/07/2021,70,58,21.1,14.4,17.8
UK000000000,"CET CENTRAL ENGLAND, UK",Birmingham,24/07/2021,71,57,21.7,13.9,17.8
UK000000000,"CET CENTRAL ENGLAND, UK",Birmingham,25/07/2021,76,57,24.4,13.9,19.2
UK000000000,"CET CENTRAL ENGLAND, UK",Birmingham,26/07/2021,71,57,21.7,13.9,17.8
UK000000000,"CET CENTRAL ENGLAND, UK",Birmingham,27/07/2021,66,59,18.9,15.0,16.9
UK000000000,"CET CENTRAL ENGLAND, UK",Birmingham,28/07/2021,66,58,18.9,14.4,16.7
UK000000000,"CET CENTRAL ENGLAND, UK",Birmingham,29/07/2021,62,52,16.7,11.1,13.9
UK000000000,"CET CENTRAL ENGLAND, UK",Birmingham,30/07/2021,67,54,19.4,12.2,15.8
UK000000000,"CET CENTRAL ENGLAND, UK",Birmingham,31/07/2021,66,55,18.9,12.8,15.8
UK000000000,"CET CENTRAL ENGLAND, UK",Birmingham,01/08/2021,67,54,19.4,12.2,15.8
UK000000000,"CET CENTRAL ENGLAND, UK",Birmingham,02/08/2021,70,50,21.1,10.0,15.6
UK000000000,"CET CENTRAL ENGLAND, UK",Birmingham,03/08/2021,72,47,22.2,8.3,15.3
UK000000000,"CET CENTRAL ENGLAND, UK",Birmingham,04/08/2021,67,49,19.4,9.4,14.4
UK000000000,"CET CENTRAL ENGLAND, UK",Birmingham,05/08/2021,68,53,20.0,11.7,15.8
UK000000000,"CET CENTRAL ENGLAND, UK",Birmingham,06/08/2021,65,58,18.3,14.4,16.4
UK000000000,"CET CENTRAL ENGLAND, UK",Birmingham,07/08/2021,66,54,18.9,12.2,15.6
UK000000000,"CET CENTRAL ENGLAND, UK",Birmingham,08/08/2021,68,56,20.0,13.3,16.7
UK000000000,"CET CENTRAL ENGLAND, UK",Birmingham,09/08/2021,71,54,21.7,12.2,16.9
UK000000000,"CET CENTRAL ENGLAND, UK",Birmingham,10/08/2021,70,54,21.1,12.2,16.7
UK000000000,"CET CENTRAL ENGLAND, UK",Birmingham,11/08/2021,70,53,21.1,11.7,16.4
UK000000000,"CET CENTRAL ENGLAND, UK",Birmingham,12/08/2021,69,54,20.6,12.2,16.4
UK000000000,"CET CENTRAL ENGLAND, UK",Birmingham,13/08/2021,70,55,21.1,12.8,16.9
UK000000000,"CET CENTRAL ENGLAND, UK",Birmingham,14/08/2021,69,57,20.6,13.9,17.2
UK000000000,"CET CENTRAL ENGLAND, UK",Birmingham,15/08/2021,63,56,17.2,13.3,15.3
UK000000000,"CET CENTRAL ENGLAND, UK",Birmingham,16/08/2021,64,53,17.8,11.7,14.7
UK000000000,"CET CENTRAL ENGLAND, UK",Birmingham,17/08/2021,68,53,20.0,11.7,15.8
UK000000000,"CET CENTRAL ENGLAND, UK",Birmingham,18/08/2021,69,58,20.6,14.4,17.5
UK000000000,"CET CENTRAL ENGLAND, UK",Birmingham,19/08/2021,69,56,20.6,13.3,16.9
UK000000000,"CET CENTRAL ENGLAND, UK",Birmingham,20/08/2021,66,58,18.9,14.4,16.7
UK000000000,"CET CENTRAL ENGLAND, UK",Birmingham,21/08/2021,70,59,21.1,15.0,18.1
UK000000000,"CET CENTRAL ENGLAND, UK",Birmingham,22/08/2021,70,57,21.1,13.9,17.5
UK000000000,"CET CENTRAL ENGLAND, UK",Birmingham,23/08/2021,70,56,21.1,13.3,17.2
UK000000000,"CET CENTRAL ENGLAND, UK",Birmingham,24/08/2021,68,53,20.0,11.7,15.8
UK000000000,"CET CENTRAL ENGLAND, UK",Birmingham,25/08/2021,67,54,19.4,12.2,15.8
UK000000000,"CET CENTRAL ENGLAND, UK",Birmingham,26/08/2021,64,56,17.8,13.3,15.6
UK000000000,"CET CENTRAL ENGLAND, UK",Birmingham,27/08/2021,69,49,20.6,9.4,15.0
UK000000000,"CET CENTRAL ENGLAND, UK",Birmingham,28/08/2021,65,47,18.3,8.3,13.3
UK000000000,"CET CENTRAL ENGLAND, UK",Birmingham,29/08/2021,62,48,16.7,8.9,12.8
UK000000000,"CET CENTRAL ENGLAND, UK",Birmingham,30/08/2021,62,54,16.7,12.2,14.4
UK000000000,"CET CENTRAL ENGLAND, UK",Birmingham,31/08/2021,64,54,17.8,12.2,15.0
UK000000000,"CET CENTRAL ENGLAND, UK",Birmingham,01/09/2021,66,54,18.9,12.2,15.6
UK000000000,"CET CENTRAL ENGLAND, UK",Birmingham,02/09/2021,66,55,18.9,12.8,15.8
UK000000000,"CET CENTRAL ENGLAND, UK",Birmingham,03/09/2021,66,56,18.9,13.3,16.1
UK000000000,"CET CENTRAL ENGLAND, UK",Birmingham,04/09/2021,75,53,23.9,11.7,17.8
UK000000000,"CET CENTRAL ENGLAND, UK",Birmingham,05/09/2021,78,53,25.6,11.7,18.6
UK000000000,"CET CENTRAL ENGLAND, UK",Birmingham,06/09/2021,83,55,28.3,12.8,20.6
UK000000000,"CET CENTRAL ENGLAND, UK",Birmingham,07/09/2021,83,55,28.3,12.8,20.6
UK000000000,"CET CENTRAL ENGLAND, UK",Birmingham,08/09/2021,72,58,22.2,14.4,18.3
UK000000000,"CET CENTRAL ENGLAND, UK",Birmingham,09/09/2021,71,60,21.7,15.6,18.6
UK000000000,"CET CENTRAL ENGLAND, UK",Birmingham,10/09/2021,70,60,21.1,15.6,18.3
UK000000000,"CET CENTRAL ENGLAND, UK",Birmingham,11/09/2021,67,61,19.4,16.1,17.8
UK000000000,"CET CENTRAL ENGLAND, UK",Birmingham,12/09/2021,65,51,18.3,10.6,14.4
UK000000000,"CET CENTRAL ENGLAND, UK",Birmingham,13/09/2021,63,54,17.2,12.2,14.7
UK000000000,"CET CENTRAL ENGLAND, UK",Birmingham,14/09/2021,68,56,20.0,13.3,16.7
UK000000000,"CET CENTRAL ENGLAND, UK",Birmingham,15/09/2021,70,53,21.1,11.7,16.4
UK000000000,"CET CENTRAL ENGLAND, UK",Birmingham,16/09/2021,68,52,20.0,11.1,15.6
UK000000000,"CET CENTRAL ENGLAND, UK",Birmingham,17/09/2021,72,52,22.2,11.1,16.7
UK000000000,"CET CENTRAL ENGLAND, UK",Birmingham,18/09/2021,66,52,18.9,11.1,15.0
UK000000000,"CET CENTRAL ENGLAND, UK",Birmingham,19/09/2021,67,54,19.4,12.2,15.8
UK000000000,"CET CENTRAL ENGLAND, UK",Birmingham,20/09/2021,68,47,20.0,8.3,14.2
UK000000000,"CET CENTRAL ENGLAND, UK",Birmingham,21/09/2021,68,49,20.0,9.4,14.7
UK000000000,"CET CENTRAL ENGLAND, UK",Birmingham,22/09/2021,68,49,20.0,9.4,14.7
UK000000000,"CET CENTRAL ENGLAND, UK",Birmingham,23/09/2021,71,52,21.7,11.1,16.4
UK000000000,"CET CENTRAL ENGLAND, UK",Birmingham,24/09/2021,68,52,20.0,11.1,15.6
UK000000000,"CET CENTRAL ENGLAND, UK",Birmingham,25/09/2021,69,58,20.6,14.4,17.5
UK000000000,"CET CENTRAL ENGLAND, UK",Birmingham,26/09/2021,62,54,16.7,12.2,14.4
UK000000000,"CET CENTRAL ENGLAND, UK",Birmingham,27/09/2021,62,52,16.7,11.1,13.9
UK000000000,"CET CENTRAL ENGLAND, UK",Birmingham,28/09/2021,57,47,13.9,8.3,11.1
UK000000000,"CET CENTRAL ENGLAND, UK",Birmingham,29/09/2021,61,45,16.1,7.2,11.7
UK000000000,"CET CENTRAL ENGLAND, UK",Birmingham,30/09/2021,60,43,15.6,6.1,10.8
UK000000000,"CET CENTRAL ENGLAND, UK",Birmingham,01/10/2021,55,52,12.8,11.1,11.9
UK000000000,"CET CENTRAL ENGLAND, UK",Birmingham,02/10/2021,59,44,15.0,6.7,10.8
UK000000000,"CET CENTRAL ENGLAND, UK",Birmingham,03/10/2021,60,45,15.6,7.2,11.4
UK000000000,"CET CENTRAL ENGLAND, UK",Birmingham,04/10/2021,56,47,13.3,8.3,10.8
UK000000000,"CET CENTRAL ENGLAND, UK",Birmingham,05/10/2021,61,48,16.1,8.9,12.5
UK000000000,"CET CENTRAL ENGLAND, UK",Birmingham,06/10/2021,65,46,18.3,7.8,13.1
UK000000000,"CET CENTRAL ENGLAND, UK",Birmingham,07/10/2021,63,52,17.2,11.1,14.2
UK000000000,"CET CENTRAL ENGLAND, UK",Birmingham,08/10/2021,63,55,17.2,12.8,15.0
UK000000000,"CET CENTRAL ENGLAND, UK",Birmingham,09/10/2021,61,51,16.1,10.6,13.3
UK000000000,"CET CENTRAL ENGLAND, UK",Birmingham,10/10/2021,60,48,15.6,8.9,12.2
UK000000000,"CET CENTRAL ENGLAND, UK",Birmingham,11/10/2021,60,43,15.6,6.1,10.8
UK000000000,"CET CENTRAL ENGLAND, UK",Birmingham,12/10/2021,59,47,15.0,8.3,11.7
UK000000000,"CET CENTRAL ENGLAND, UK",Birmingham,13/10/2021,60,48,15.6,8.9,12.2
UK000000000,"CET CENTRAL ENGLAND, UK",Birmingham,14/10/2021,56,49,13.3,9.4,11.4
UK000000000,"CET CENTRAL ENGLAND, UK",Birmingham,15/10/2021,59,47,15.0,8.3,11.7
UK000000000,"CET CENTRAL ENGLAND, UK",Birmingham,16/10/2021,62,41,16.7,5.0,10.8
UK000000000,"CET CENTRAL ENGLAND, UK",Birmingham,17/10/2021,63,47,17.2,8.3,12.8
UK000000000,"CET CENTRAL ENGLAND, UK",Birmingham,18/10/2021,65,48,18.3,8.9,13.6
UK000000000,"CET CENTRAL ENGLAND, UK",Birmingham,19/10/2021,59,55,15.0,12.8,13.9
UK000000000,"CET CENTRAL ENGLAND, UK",Birmingham,20/10/2021,52,53,11.1,11.7,11.4
UK000000000,"CET CENTRAL ENGLAND, UK",Birmingham,21/10/2021,55,41,12.8,5.0,8.9
UK000000000,"CET CENTRAL ENGLAND, UK",Birmingham,22/10/2021,55,41,12.8,5.0,8.9
UK000000000,"CET CENTRAL ENGLAND, UK",Birmingham,23/10/2021,58,46,14.4,7.8,11.1
UK000000000,"CET CENTRAL ENGLAND, UK",Birmingham,24/10/2021,59,49,15.0,9.4,12.2
UK000000000,"CET CENTRAL ENGLAND, UK",Birmingham,25/10/2021,60,50,15.6,10.0,12.8
UK000000000,"CET CENTRAL ENGLAND, UK",Birmingham,26/10/2021,61,45,16.1,7.2,11.7
UK000000000,"CET CENTRAL ENGLAND, UK",Birmingham,27/10/2021,60,51,15.6,10.6,13.1
UK000000000,"CET CENTRAL ENGLAND, UK",Birmingham,28/10/2021,58,55,14.4,12.8,13.6
UK000000000,"CET CENTRAL ENGLAND, UK",Birmingham,29/10/2021,56,53,13.3,11.7,12.5
UK000000000,"CET CENTRAL ENGLAND, UK",Birmingham,30/10/2021,56,47,13.3,8.3,10.8
UK000000000,"CET CENTRAL ENGLAND, UK",Birmingham,31/10/2021,54,43,12.2,6.1,9.2
UK000000000,"CET CENTRAL ENGLAND, UK",Birmingham,01/11/2021,53,45,11.7,7.2,9.4
UK000000000,"CET CENTRAL ENGLAND, UK",Birmingham,02/11/2021,49,37,9.4,2.8,6.1
UK000000000,"CET CENTRAL ENGLAND, UK",Birmingham,03/11/2021,49,35,9.4,1.7,5.6
UK000000000,"CET CENTRAL ENGLAND, UK",Birmingham,04/11/2021,51,38,10.6,3.3,6.9
UK000000000,"CET CENTRAL ENGLAND, UK",Birmingham,05/11/2021,55,30,12.8,-1.1,5.8
UK000000000,"CET CENTRAL ENGLAND, UK",Birmingham,06/11/2021,53,37,11.7,2.8,7.2
UK000000000,"CET CENTRAL ENGLAND, UK",Birmingham,07/11/2021,54,46,12.2,7.8,10.0
UK000000000,"CET CENTRAL ENGLAND, UK",Birmingham,08/11/2021,58,40,14.4,4.4,9.4
UK000000000,"CET CENTRAL ENGLAND, UK",Birmingham,09/11/2021,54,45,12.2,7.2,9.7
UK000000000,"CET CENTRAL ENGLAND, UK",Birmingham,10/11/2021,56,49,13.3,9.4,11.4
UK000000000,"CET CENTRAL ENGLAND, UK",Birmingham,11/11/2021,56,49,13.3,9.4,11.4
UK000000000,"CET CENTRAL ENGLAND, UK",Birmingham,12/11/2021,55,47,12.8,8.3,10.6
UK000000000,"CET CENTRAL ENGLAND, UK",Birmingham,13/11/2021,53,49,11.7,9.4,10.6
UK000000000,"CET CENTRAL ENGLAND, UK",Birmingham,14/11/2021,51,43,10.6,6.1,8.3
UK000000000,"CET CENTRAL ENGLAND, UK",Birmingham,15/11/2021,52,45,11.1,7.2,9.2
UK000000000,"CET CENTRAL ENGLAND, UK",Birmingham,16/11/2021,53,42,11.7,5.6,8.6
UK000000000,"CET CENTRAL ENGLAND, UK",Birmingham,17/11/2021,56,41,13.3,5.0,9.2
UK000000000,"CET CENTRAL ENGLAND, UK",Birmingham,18/11/2021,55,44,12.8,6.7,9.7
UK000000000,"CET CENTRAL ENGLAND, UK",Birmingham,19/11/2021,51,48,10.6,8.9,9.7
UK000000000,"CET CENTRAL ENGLAND, UK",Birmingham,20/11/2021,45,49,7.2,9.4,8.3
UK000000000,"CET CENTRAL ENGLAND, UK",Birmingham,21/11/2021,47,37,8.3,2.8,5.6
UK000000000,"CET CENTRAL ENGLAND, UK",Birmingham,22/11/2021,46,32,7.8,0.0,3.9
UK000000000,"CET CENTRAL ENGLAND, UK",Birmingham,23/11/2021,45,32,7.2,0.0,3.6
UK000000000,"CET CENTRAL ENGLAND, UK",Birmingham,24/11/2021,45,38,7.2,3.3,5.3
UK000000000,"CET CENTRAL ENGLAND, UK",Birmingham,25/11/2021,46,33,7.8,0.6,4.2
UK000000000,"CET CENTRAL ENGLAND, UK",Birmingham,26/11/2021,39,34,3.9,1.1,2.5
UK000000000,"CET CENTRAL ENGLAND, UK",Birmingham,27/11/2021,37,33,2.8,0.6,1.7
UK000000000,"CET CENTRAL ENGLAND, UK",Birmingham,28/11/2021,49,28,9.4,-2.2,3.6
UK000000000,"CET CENTRAL ENGLAND, UK",Birmingham,29/11/2021,53,25,11.7,-3.9,3.9
UK000000000,"CET CENTRAL ENGLAND, UK",Birmingham,30/11/2021,48,28,8.9,-2.2,3.3
UK000000000,"CET CENTRAL ENGLAND, UK",Birmingham,01/12/2021,42,43,5.6,6.1,5.8
UK000000000,"CET CENTRAL ENGLAND, UK",Birmingham,02/12/2021,47,31,8.3,-0.6,3.9
UK000000000,"CET CENTRAL ENGLAND, UK",Birmingham,03/12/2021,44,32,6.7,0.0,3.3
UK000000000,"CET CENTRAL ENGLAND, UK",Birmingham,04/12/2021,44,37,6.7,2.8,4.7
UK000000000,"CET CENTRAL ENGLAND, UK",Birmingham,05/12/2021,44,38,6.7,3.3,5.0
UK000000000,"CET CENTRAL ENGLAND, UK",Birmingham,06/12/2021,45,33,7.2,0.6,3.9
UK000000000,"CET CENTRAL ENGLAND, UK",Birmingham,07/12/2021,44,34,6.7,1.1,3.9
UK000000000,"CET CENTRAL ENGLAND, UK",Birmingham,08/12/2021,46,37,7.8,2.8,5.3
UK000000000,"CET CENTRAL ENGLAND, UK",Birmingham,09/12/2021,44,38,6.7,3.3,5.0
UK000000000,"CET CENTRAL ENGLAND, UK",Birmingham,10/12/2021,52,37,11.1,2.8,6.9
UK000000000,"CET CENTRAL ENGLAND, UK",Birmingham,11/12/2021,56,34,13.3,1.1,7.2
UK000000000,"CET CENTRAL ENGLAND, UK",Birmingham,12/12/2021,51,38,10.6,3.3,6.9
UK000000000,"CET CENTRAL ENGLAND, UK",Birmingham,13/12/2021,52,48,11.1,8.9,10.0
UK000000000,"CET CENTRAL ENGLAND, UK",Birmingham,14/12/2021,53,45,11.7,7.2,9.4
UK000000000,"CET CENTRAL ENGLAND, UK",Birmingham,15/12/2021,51,45,10.6,7.2,8.9
UK000000000,"CET CENTRAL ENGLAND, UK",Birmingham,16/12/2021,47,47,8.3,8.3,8.3
UK000000000,"CET CENTRAL ENGLAND, UK",Birmingham,17/12/2021,44,42,6.7,5.6,6.1
UK000000000,"CET CENTRAL ENGLAND, UK",Birmingham,18/12/2021,42,39,5.6,3.9,4.7
UK000000000,"CET CENTRAL ENGLAND, UK",Birmingham,19/12/2021,42,35,5.6,1.7,3.6
UK000000000,"CET CENTRAL ENGLAND, UK",Birmingham,20/12/2021,40,35,4.4,1.7,3.1
UK000000000,"CET CENTRAL ENGLAND, UK",Birmingham,21/12/2021,44,36,6.7,2.2,4.4
UK000000000,"CET CENTRAL ENGLAND, UK",Birmingham,22/12/2021,50,29,10.0,-1.7,4.2
UK000000000,"CET CENTRAL ENGLAND, UK",Birmingham,23/12/2021,47,33,8.3,0.6,4.4
UK000000000,"CET CENTRAL ENGLAND, UK",Birmingham,24/12/2021,42,41,5.6,5.0,5.3
UK000000000,"CET CENTRAL ENGLAND, UK",Birmingham,25/12/2021,45,41,7.2,5.0,6.1
UK000000000,"CET CENTRAL ENGLAND, UK",Birmingham,26/12/2021,49,38,9.4,3.3,6.4
UK000000000,"CET CENTRAL ENGLAND, UK",Birmingham,27/12/2021,51,38,10.6,3.3,6.9
UK000000000,"CET CENTRAL ENGLAND, UK",Birmingham,28/12/2021,57,43,13.9,6.1,10.0
UK000000000,"CET CENTRAL ENGLAND, UK",Birmingham,29/12/2021,57,41,13.9,5.0,9.4
UK000000000,"CET CENTRAL ENGLAND, UK",Birmingham,30/12/2021,57,48,13.9,8.9,11.4
UK000000000,"CET CENTRAL ENGLAND, UK",Birmingham,31/12/2021,58,53,14.4,11.7,13.1
UK000000000,"CET CENTRAL ENGLAND, UK",Birmingham,01/01/2022,52,52,11.1,11.1,11.1
UK000000000,"CET CENTRAL ENGLAND, UK",Birmingham,02/01/2022,50,47,10.0,8.3,9.2
UK000000000,"CET CENTRAL ENGLAND, UK",Birmingham,03/01/2022,40,45,4.4,7.2,5.8
UK000000000,"CET CENTRAL ENGLAND, UK",Birmingham,04/01/2022,42,35,5.6,1.7,3.6
UK000000000,"CET CENTRAL ENGLAND, UK",Birmingham,05/01/2022,44,32,6.7,0.0,3.3
UK000000000,"CET CENTRAL ENGLAND, UK",Birmingham,06/01/2022,44,25,6.7,-3.9,1.4
UK000000000,"CET CENTRAL ENGLAND, UK",Birmingham,07/01/2022,49,32,9.4,0.0,4.7
UK000000000,"CET CENTRAL ENGLAND, UK",Birmingham,08/01/2022,46,33,7.8,0.6,4.2
UK000000000,"CET CENTRAL ENGLAND, UK",Birmingham,09/01/2022,49,35,9.4,1.7,5.6
UK000000000,"CET CENTRAL ENGLAND, UK",Birmingham,10/01/2022,49,35,9.4,1.7,5.6
UK000000000,"CET CENTRAL ENGLAND, UK",Birmingham,11/01/2022,46,40,7.8,4.4,6.1
UK000000000,"CET CENTRAL ENGLAND, UK",Birmingham,12/01/2022,46,31,7.8,-0.6,3.6
UK000000000,"CET CENTRAL ENGLAND, UK",Birmingham,13/01/2022,41,32,5.0,0.0,2.5
UK000000000,"CET CENTRAL ENGLAND, UK",Birmingham,14/01/2022,42,31,5.6,-0.6,2.5
UK000000000,"CET CENTRAL ENGLAND, UK",Birmingham,15/01/2022,47,28,8.3,-2.2,3.1
UK000000000,"CET CENTRAL ENGLAND, UK",Birmingham,16/01/2022,47,30,8.3,-1.1,3.6
UK000000000,"CET CENTRAL ENGLAND, UK",Birmingham,17/01/2022,45,33,7.2,0.6,3.9
UK000000000,"CET CENTRAL ENGLAND, UK",Birmingham,18/01/2022,48,27,8.9,-2.8,3.1
UK000000000,"CET CENTRAL ENGLAND, UK",Birmingham,19/01/2022,41,29,5.0,-1.7,1.7
UK000000000,"CET CENTRAL ENGLAND, UK",Birmingham,20/01/2022,42,31,5.6,-0.6,2.5
UK000000000,"CET CENTRAL ENGLAND, UK",Birmingham,21/01/2022,44,26,6.7,-3.3,1.7
UK000000000,"CET CENTRAL ENGLAND, UK",Birmingham,22/01/2022,41,32,5.0,0.0,2.5
UK000000000,"CET CENTRAL ENGLAND, UK",Birmingham,23/01/2022,40,39,4.4,3.9,4.2
UK000000000,"CET CENTRAL ENGLAND, UK",Birmingham,24/01/2022,41,37,5.0,2.8,3.9
UK000000000,"CET CENTRAL ENGLAND, UK",Birmingham,25/01/2022,49,34,9.4,1.1,5.3
UK000000000,"CET CENTRAL ENGLAND, UK",Birmingham,26/01/2022,53,33,11.7,0.6,6.1
UK000000000,"CET CENTRAL ENGLAND, UK",Birmingham,27/01/2022,52,39,11.1,3.9,7.5
UK000000000,"CET CENTRAL ENGLAND, UK",Birmingham,28/01/2022,55,34,12.8,1.1,6.9
UK000000000,"CET CENTRAL ENGLAND, UK",Birmingham,29/01/2022,47,38,8.3,3.3,5.8
UK000000000,"CET CENTRAL ENGLAND, UK",Birmingham,30/01/2022,49,32,9.4,0.0,4.7
UK000000000,"CET CENTRAL ENGLAND, UK",Birmingham,31/01/2022,55,35,12.8,1.7,7.2
UK000000000,"CET CENTRAL ENGLAND, UK",Birmingham,01/02/2022,53,39,11.7,3.9,7.8
UK000000000,"CET CENTRAL ENGLAND, UK",Birmingham,02/02/2022,51,46,10.6,7.8,9.2
UK000000000,"CET CENTRAL ENGLAND, UK",Birmingham,03/02/2022,45,44,7.2,6.7,6.9
UK000000000,"CET CENTRAL ENGLAND, UK",Birmingham,04/02/2022,49,36,9.4,2.2,5.8
UK000000000,"CET CENTRAL ENGLAND, UK",Birmingham,05/02/2022,49,35,9.4,1.7,5.6
UK000000000,"CET CENTRAL ENGLAND, UK",Birmingham,06/02/2022,52,39,11.1,3.9,7.5
UK000000000,"CET CENTRAL ENGLAND, UK",Birmingham,07/02/2022,53,34,11.7,1.1,6.4
UK000000000,"CET CENTRAL ENGLAND, UK",Birmingham,08/02/2022,51,39,10.6,3.9,7.2
UK000000000,"CET CENTRAL ENGLAND, UK",Birmingham,09/02/2022,46,45,7.8,7.2,7.5
UK000000000,"CET CENTRAL ENGLAND, UK",Birmingham,10/02/2022,47,39,8.3,3.9,6.1
UK000000000,"CET CENTRAL ENGLAND, UK",Birmingham,11/02/2022,49,32,9.4,0.0,4.7
UK000000000,"CET CENTRAL ENGLAND, UK",Birmingham,12/02/2022,50,34,10.0,1.1,5.6
UK000000000,"CET CENTRAL ENGLAND, UK",Birmingham,13/02/2022,47,42,8.3,5.6,6.9
UK000000000,"CET CENTRAL ENGLAND, UK",Birmingham,14/02/2022,54,41,12.2,5.0,8.6
UK000000000,"CET CENTRAL ENGLAND, UK",Birmingham,15/02/2022,59,35,15.0,1.7,8.3
UK000000000,"CET CENTRAL ENGLAND, UK",Birmingham,16/02/2022,51,43,10.6,6.1,8.3
UK000000000,"CET CENTRAL ENGLAND, UK",Birmingham,17/02/2022,47,43,8.3,6.1,7.2
UK000000000,"CET CENTRAL ENGLAND, UK",Birmingham,18/02/2022,51,41,10.6,5.0,7.8
UK000000000,"CET CENTRAL ENGLAND, UK",Birmingham,19/02/2022,54,35,12.2,1.7,6.9
UK000000000,"CET CENTRAL ENGLAND, UK",Birmingham,20/02/2022,51,36,10.6,2.2,6.4
UK000000000,"CET CENTRAL ENGLAND, UK",Birmingham,21/02/2022,54,38,12.2,3.3,7.8
UK000000000,"CET CENTRAL ENGLAND, UK",Birmingham,22/02/2022,50,40,10.0,4.4,7.2
UK000000000,"CET CENTRAL ENGLAND, UK",Birmingham,23/02/2022,44,38,6.7,3.3,5.0
UK000000000,"CET CENTRAL ENGLAND, UK",Birmingham,24/02/2022,51,37,10.6,2.8,6.7
UK000000000,"CET CENTRAL ENGLAND, UK",Birmingham,25/02/2022,51,36,10.6,2.2,6.4
UK000000000,"CET CENTRAL ENGLAND, UK",Birmingham,26/02/2022,52,34,11.1,1.1,6.1
UK000000000,"CET CENTRAL ENGLAND, UK",Birmingham,27/02/2022,52,36,11.1,2.2,6.7
UK000000000,"CET CENTRAL ENGLAND, UK",Birmingham,28/02/2022,47,40,8.3,4.4,6.4
UK000000000,"CET CENTRAL ENGLAND, UK",Birmingham,01/03/2022,45,38,7.2,3.3,5.3
UK000000000,"CET CENTRAL ENGLAND, UK",Birmingham,02/03/2022,50,39,10.0,3.9,6.9
UK000000000,"CET CENTRAL ENGLAND, UK",Birmingham,03/03/2022,47,41,8.3,5.0,6.7
UK000000000,"CET CENTRAL ENGLAND, UK",Birmingham,04/03/2022,46,40,7.8,4.4,6.1
UK000000000,"CET CENTRAL ENGLAND, UK",Birmingham,05/03/2022,47,37,8.3,2.8,5.6
UK000000000,"CET CENTRAL ENGLAND, UK",Birmingham,06/03/2022,45,36,7.2,2.2,4.7
UK000000000,"CET CENTRAL ENGLAND, UK",Birmingham,07/03/2022,52,34,11.1,1.1,6.1
UK000000000,"CET CENTRAL ENGLAND, UK",Birmingham,08/03/2022,55,31,12.8,-0.6,6.1
UK000000000,"CET CENTRAL ENGLAND, UK",Birmingham,09/03/2022,58,39,14.4,3.9,9.2
UK000000000,"CET CENTRAL ENGLAND, UK",Birmingham,10/03/2022,54,47,12.2,8.3,10.3
UK000000000,"CET CENTRAL ENGLAND, UK",Birmingham,11/03/2022,54,46,12.2,7.8,10.0
UK000000000,"CET CENTRAL ENGLAND, UK",Birmingham,12/03/2022,54,43,12.2,6.1,9.2
UK000000000,"CET CENTRAL ENGLAND, UK",Birmingham,13/03/2022,55,45,12.8,7.2,10.0
UK000000000,"CET CENTRAL ENGLAND, UK",Birmingham,14/03/2022,57,37,13.9,2.8,8.3
UK000000000,"CET CENTRAL ENGLAND, UK",Birmingham,15/03/2022,51,35,10.6,1.7,6.1
UK000000000,"CET CENTRAL ENGLAND, UK",Birmingham,16/03/2022,56,43,13.3,6.1,9.7
UK000000000,"CET CENTRAL ENGLAND, UK",Birmingham,17/03/2022,60,35,15.6,1.7,8.6
UK000000000,"CET CENTRAL ENGLAND, UK",Birmingham,18/03/2022,58,35,14.4,1.7,8.1
UK000000000,"CET CENTRAL ENGLAND, UK",Birmingham,19/03/2022,52,41,11.1,5.0,8.1
UK000000000,"CET CENTRAL ENGLAND, UK",Birmingham,20/03/2022,58,36,14.4,2.2,8.3
UK000000000,"CET CENTRAL ENGLAND, UK",Birmingham,21/03/2022,65,30,18.3,-1.1,8.6
UK000000000,"CET CENTRAL ENGLAND, UK",Birmingham,22/03/2022,66,40,18.9,4.4,11.7
UK000000000,"CET CENTRAL ENGLAND, UK",Birmingham,23/03/2022,65,39,18.3,3.9,11.1
UK000000000,"CET CENTRAL ENGLAND, UK",Birmingham,24/03/2022,64,36,17.8,2.2,10.0
UK000000000,"CET CENTRAL ENGLAND, UK",Birmingham,25/03/2022,65,39,18.3,3.9,11.1
UK000000000,"CET CENTRAL ENGLAND, UK",Birmingham,26/03/2022,58,38,14.4,3.3,8.9
UK000000000,"CET CENTRAL ENGLAND, UK",Birmingham,27/03/2022,60,40,15.6,4.4,10.0
UK000000000,"CET CENTRAL ENGLAND, UK",Birmingham,28/03/2022,50,39,10.0,3.9,6.9
UK000000000,"CET CENTRAL ENGLAND, UK",Birmingham,29/03/2022,46,44,7.8,6.7,7.2
UK000000000,"CET CENTRAL ENGLAND, UK",Birmingham,30/03/2022,44,39,6.7,3.9,5.3
UK000000000,"CET CENTRAL ENGLAND, UK",Birmingham,31/03/2022,47,31,8.3,-0.6,3.9
UK000000000,"CET CENTRAL ENGLAND, UK",Birmingham,01/04/2022,49,31,9.4,-0.6,4.4
UK000000000,"CET CENTRAL ENGLAND, UK",Birmingham,02/04/2022,50,31,10.0,-0.6,4.7
UK000000000,"CET CENTRAL ENGLAND, UK",Birmingham,03/04/2022,56,28,13.3,-2.2,5.6
UK000000000,"CET CENTRAL ENGLAND, UK",Birmingham,04/04/2022,54,40,12.2,4.4,8.3
UK000000000,"CET CENTRAL ENGLAND, UK",Birmingham,05/04/2022,54,47,12.2,8.3,10.3
UK000000000,"CET CENTRAL ENGLAND, UK",Birmingham,06/04/2022,51,46,10.6,7.8,9.2
UK000000000,"CET CENTRAL ENGLAND, UK",Birmingham,07/04/2022,51,43,10.6,6.1,8.3
UK000000000,"CET CENTRAL ENGLAND, UK",Birmingham,08/04/2022,52,31,11.1,-0.6,5.3
UK000000000,"CET CENTRAL ENGLAND, UK",Birmingham,09/04/2022,54,31,12.2,-0.6,5.8
UK000000000,"CET CENTRAL ENGLAND, UK",Birmingham,10/04/2022,60,29,15.6,-1.7,6.9
UK000000000,"CET CENTRAL ENGLAND, UK",Birmingham,11/04/2022,59,40,15.0,4.4,9.7
UK000000000,"CET CENTRAL ENGLAND, UK",Birmingham,12/04/2022,61,45,16.1,7.2,11.7
UK000000000,"CET CENTRAL ENGLAND, UK",Birmingham,13/04/2022,62,48,16.7,8.9,12.8
UK000000000,"CET CENTRAL ENGLAND, UK",Birmingham,14/04/2022,68,41,20.0,5.0,12.5
UK000000000,"CET CENTRAL ENGLAND, UK",Birmingham,15/04/2022,67,44,19.4,6.7,13.1
UK000000000,"CET CENTRAL ENGLAND, UK",Birmingham,16/04/2022,66,44,18.9,6.7,12.8
UK000000000,"CET CENTRAL ENGLAND, UK",Birmingham,17/04/2022,59,45,15.0,7.2,11.1
UK000000000,"CET CENTRAL ENGLAND, UK",Birmingham,18/04/2022,58,44,14.4,6.7,10.6
UK000000000,"CET CENTRAL ENGLAND, UK",Birmingham,19/04/2022,63,39,17.2,3.9,10.6
UK000000000,"CET CENTRAL ENGLAND, UK",Birmingham,20/04/2022,63,42,17.2,5.6,11.4
UK000000000,"CET CENTRAL ENGLAND, UK",Birmingham,21/04/2022,61,41,16.1,5.0,10.6
UK000000000,"CET CENTRAL ENGLAND, UK",Birmingham,22/04/2022,60,43,15.6,6.1,10.8
UK000000000,"CET CENTRAL ENGLAND, UK",Birmingham,23/04/2022,61,44,16.1,6.7,11.4
UK000000000,"CET CENTRAL ENGLAND, UK",Birmingham,24/04/2022,57,43,13.9,6.1,10.0
UK000000000,"CET CENTRAL ENGLAND, UK",Birmingham,25/04/2022,58,40,14.4,4.4,9.4
UK000000000,"CET CENTRAL ENGLAND, UK",Birmingham,26/04/2022,52,40,11.1,4.4,7.8
UK000000000,"CET CENTRAL ENGLAND, UK",Birmingham,27/04/2022,52,37,11.1,2.8,6.9
UK000000000,"CET CENTRAL ENGLAND, UK",Birmingham,28/04/2022,55,41,12.8,5.0,8.9
UK000000000,"CET CENTRAL ENGLAND, UK",Birmingham,29/04/2022,61,40,16.1,4.4,10.3
UK000000000,"CET CENTRAL ENGLAND, UK",Birmingham,30/04/2022,55,33,12.8,0.6,6.7
UK000000000,"CET CENTRAL ENGLAND, UK",Birmingham,01/05/2022,59,46,15.0,7.8,11.4
UK000000000,"CET CENTRAL ENGLAND, UK",Birmingham,02/05/2022,58,48,14.4,8.9,11.7
UK000000000,"CET CENTRAL ENGLAND, UK",Birmingham,03/05/2022,60,48,15.6,8.9,12.2
UK000000000,"CET CENTRAL ENGLAND, UK",Birmingham,04/05/2022,65,48,18.3,8.9,13.6
UK000000000,"CET CENTRAL ENGLAND, UK",Birmingham,05/05/2022,64,43,17.8,6.1,11.9
UK000000000,"CET CENTRAL ENGLAND, UK",Birmingham,06/05/2022,64,47,17.8,8.3,13.1
UK000000000,"CET CENTRAL ENGLAND, UK",Birmingham,07/05/2022,65,48,18.3,8.9,13.6
UK000000000,"CET CENTRAL ENGLAND, UK",Birmingham,08/05/2022,67,47,19.4,8.3,13.9
UK000000000,"CET CENTRAL ENGLAND, UK",Birmingham,09/05/2022,65,45,18.3,7.2,12.8
UK000000000,"CET CENTRAL ENGLAND, UK",Birmingham,10/05/2022,60,53,15.6,11.7,13.6
UK000000000,"CET CENTRAL ENGLAND, UK",Birmingham,11/05/2022,61,51,16.1,10.6,13.3
UK000000000,"CET CENTRAL ENGLAND, UK",Birmingham,12/05/2022,64,43,17.8,6.1,11.9
UK000000000,"CET CENTRAL ENGLAND, UK",Birmingham,13/05/2022,69,49,20.6,9.4,15.0
UK000000000,"CET CENTRAL ENGLAND, UK",Birmingham,14/05/2022,67,45,19.4,7.2,13.3
UK000000000,"CET CENTRAL ENGLAND, UK",Birmingham,15/05/2022,69,52,20.6,11.1,15.8
UK000000000,"CET CENTRAL ENGLAND, UK",Birmingham,16/05/2022,73,53,22.8,11.7,17.2
UK000000000,"CET CENTRAL ENGLAND, UK",Birmingham,17/05/2022,69,49,20.6,9.4,15.0
UK000000000,"CET CENTRAL ENGLAND, UK",Birmingham,18/05/2022,66,49,18.9,9.4,14.2
UK000000000,"CET CENTRAL ENGLAND, UK",Birmingham,19/05/2022,63,51,17.2,10.6,13.9
UK000000000,"CET CENTRAL ENGLAND, UK",Birmingham,20/05/2022,65,50,18.3,10.0,14.2
UK000000000,"CET CENTRAL ENGLAND, UK",Birmingham,21/05/2022,69,48,20.6,8.9,14.7
UK000000000,"CET CENTRAL ENGLAND, UK",Birmingham,22/05/2022,62,47,16.7,8.3,12.5
UK000000000,"CET CENTRAL ENGLAND, UK",Birmingham,23/05/2022,61,50,16.1,10.0,13.1
UK000000000,"CET CENTRAL ENGLAND, UK",Birmingham,24/05/2022,63,47,17.2,8.3,12.8
UK000000000,"CET CENTRAL ENGLAND, UK",Birmingham,25/05/2022,64,47,17.8,8.3,13.1
UK000000000,"CET CENTRAL ENGLAND, UK",Birmingham,26/05/2022,62,50,16.7,10.0,13.3
UK000000000,"CET CENTRAL ENGLAND, UK",Birmingham,27/05/2022,63,49,17.2,9.4,13.3
UK000000000,"CET CENTRAL ENGLAND, UK",Birmingham,28/05/2022,58,43,14.4,6.1,10.3
UK000000000,"CET CENTRAL ENGLAND, UK",Birmingham,29/05/2022,57,45,13.9,7.2,10.6
UK000000000,"CET CENTRAL ENGLAND, UK",Birmingham,30/05/2022,58,43,14.4,6.1,10.3
UK000000000,"CET CENTRAL ENGLAND, UK",Birmingham,31/05/2022,62,44,16.7,6.7,11.7
UK000000000,"CET CENTRAL ENGLAND, UK",Birmingham,01/06/2022,67,45,19.4,7.2,13.3
UK000000000,"CET CENTRAL ENGLAND, UK",Birmingham,02/06/2022,68,42,20.0,5.6,12.8
UK000000000,"CET CENTRAL ENGLAND, UK",Birmingham,03/06/2022,62,49,16.7,9.4,13.1
UK000000000,"CET CENTRAL ENGLAND, UK",Birmingham,04/06/2022,55,49,12.8,9.4,11.1
UK000000000,"CET CENTRAL ENGLAND, UK",Birmingham,05/06/2022,61,48,16.1,8.9,12.5
UK000000000,"CET CENTRAL ENGLAND, UK",Birmingham,06/06/2022,69,50,20.6,10.0,15.3
UK000000000,"CET CENTRAL ENGLAND, UK",Birmingham,07/06/2022,66,48,18.9,8.9,13.9
UK000000000,"CET CENTRAL ENGLAND, UK",Birmingham,08/06/2022,65,55,18.3,12.8,15.6
UK000000000,"CET CENTRAL ENGLAND, UK",Birmingham,09/06/2022,70,51,21.1,10.6,15.8
UK000000000,"CET CENTRAL ENGLAND, UK",Birmingham,10/06/2022,68,55,20.0,12.8,16.4
UK000000000,"CET CENTRAL ENGLAND, UK",Birmingham,11/06/2022,65,53,18.3,11.7,15.0
UK000000000,"CET CENTRAL ENGLAND, UK",Birmingham,12/06/2022,65,51,18.3,10.6,14.4
UK000000000,"CET CENTRAL ENGLAND, UK",Birmingham,13/06/2022,70,49,21.1,9.4,15.3
UK000000000,"CET CENTRAL ENGLAND, UK",Birmingham,14/06/2022,74,44,23.3,6.7,15.0
UK000000000,"CET CENTRAL ENGLAND, UK",Birmingham,15/06/2022,78,46,25.6,7.8,16.7
UK000000000,"CET CENTRAL ENGLAND, UK",Birmingham,16/06/2022,83,49,28.3,9.4,18.9
UK000000000,"CET CENTRAL ENGLAND, UK",Birmingham,17/06/2022,62,57,16.7,13.9,15.3
UK000000000,"CET CENTRAL ENGLAND, UK",Birmingham,18/06/2022,64,56,17.8,13.3,15.6
UK000000000,"CET CENTRAL ENGLAND, UK",Birmingham,19/06/2022,67,45,19.4,7.2,13.3
UK000000000,"CET CENTRAL ENGLAND, UK",Birmingham,20/06/2022,74,46,23.3,7.8,15.6
UK000000000,"CET CENTRAL ENGLAND, UK",Birmingham,21/06/2022,75,44,23.9,6.7,15.3
UK000000000,"CET CENTRAL ENGLAND, UK",Birmingham,22/06/2022,76,50,24.4,10.0,17.2
UK000000000,"CET CENTRAL ENGLAND, UK",Birmingham,23/06/2022,69,50,20.6,10.0,15.3
UK000000000,"CET CENTRAL ENGLAND, UK",Birmingham,24/06/2022,67,58,19.4,14.4,16.9
UK000000000,"CET CENTRAL ENGLAND, UK",Birmingham,25/06/2022,67,51,19.4,10.6,15.0
UK000000000,"CET CENTRAL ENGLAND, UK",Birmingham,26/06/2022,64,50,17.8,10.0,13.9
UK000000000,"CET CENTRAL ENGLAND, UK",Birmingham,27/06/2022,65,51,18.3,10.6,14.4
UK000000000,"CET CENTRAL ENGLAND, UK",Birmingham,28/06/2022,67,48,19.4,8.9,14.2
UK000000000,"CET CENTRAL ENGLAND, UK",Birmingham,29/06/2022,66,55,18.9,12.8,15.8
UK000000000,"CET CENTRAL ENGLAND, UK",Birmingham,30/06/2022,66,53,18.9,11.7,15.3
UK000000000,"CET CENTRAL ENGLAND, UK",Birmingham,01/07/2022,66,49,18.9,9.4,14.2
UK000000000,"CET CENTRAL ENGLAND, UK",Birmingham,02/07/2022,67,52,19.4,11.1,15.3
UK000000000,"CET CENTRAL ENGLAND, UK",Birmingham,03/07/2022,67,49,19.4,9.4,14.4
UK000000000,"CET CENTRAL ENGLAND, UK",Birmingham,04/07/2022,68,50,20.0,10.0,15.0
UK000000000,"CET CENTRAL ENGLAND, UK",Birmingham,05/07/2022,71,49,21.7,9.4,15.6
UK000000000,"CET CENTRAL ENGLAND, UK",Birmingham,06/07/2022,71,53,21.7,11.7,16.7
UK000000000,"CET CENTRAL ENGLAND, UK",Birmingham,07/07/2022,75,58,23.9,14.4,19.2
UK000000000,"CET CENTRAL ENGLAND, UK",Birmingham,08/07/2022,74,53,23.3,11.7,17.5
UK000000000,"CET CENTRAL ENGLAND, UK",Birmingham,09/07/2022,80,55,26.7,12.8,19.7
UK000000000,"CET CENTRAL ENGLAND, UK",Birmingham,10/07/2022,84,53,28.9,11.7,20.3
UK000000000,"CET CENTRAL ENGLAND, UK",Birmingham,11/07/2022,80,54,26.7,12.2,19.4
UK000000000,"CET CENTRAL ENGLAND, UK",Birmingham,12/07/2022,74,62,23.3,16.7,20.0
UK000000000,"CET CENTRAL ENGLAND, UK",Birmingham,13/07/2022,70,57,21.1,13.9,17.5
UK000000000,"CET CENTRAL ENGLAND, UK",Birmingham,14/07/2022,72,51,22.2,10.6,16.4
UK000000000,"CET CENTRAL ENGLAND, UK",Birmingham,15/07/2022,77,49,25.0,9.4,17.2
UK000000000,"CET CENTRAL ENGLAND, UK",Birmingham,16/07/2022,86,49,30.0,9.4,19.7
UK000000000,"CET CENTRAL ENGLAND, UK",Birmingham,17/07/2022,95,57,35.0,13.9,24.4
UK000000000,"CET CENTRAL ENGLAND, UK",Birmingham,18/07/2022,99,57,37.2,13.9,25.6
UK000000000,"CET CENTRAL ENGLAND, UK",Birmingham,19/07/2022,72,66,22.2,18.9,20.6
UK000000000,"CET CENTRAL ENGLAND, UK",Birmingham,20/07/2022,70,63,21.1,17.2,19.2
UK000000000,"CET CENTRAL ENGLAND, UK",Birmingham,21/07/2022,70,56,21.1,13.3,17.2
UK000000000,"CET CENTRAL ENGLAND, UK",Birmingham,22/07/2022,73,59,22.8,15.0,18.9
UK000000000,"CET CENTRAL ENGLAND, UK",Birmingham,23/07/2022,78,54,25.6,12.2,18.9
UK000000000,"CET CENTRAL ENGLAND, UK",Birmingham,24/07/2022,69,62,20.6,16.7,18.6
UK000000000,"CET CENTRAL ENGLAND, UK",Birmingham,25/07/2022,68,60,20.0,15.6,17.8
UK000000000,"CET CENTRAL ENGLAND, UK",Birmingham,26/07/2022,71,55,21.7,12.8,17.2
UK000000000,"CET CENTRAL ENGLAND, UK",Birmingham,27/07/2022,69,48,20.6,8.9,14.7
UK000000000,"CET CENTRAL ENGLAND, UK",Birmingham,28/07/2022,75,56,23.9,13.3,18.6
UK000000000,"CET CENTRAL ENGLAND, UK",Birmingham,29/07/2022,71,56,21.7,13.3,17.5
UK000000000,"CET CENTRAL ENGLAND, UK",Birmingham,30/07/2022,75,59,23.9,15.0,19.4
UK000000000,"CET CENTRAL ENGLAND, UK",Birmingham,31/07/2022,76,63,24.4,17.2,20.8
UKE00105909,"WELLESBOURNE, UK",Birmingham,01/07/2021,73,51,22.8,10.6,16.7
UKE00105909,"WELLESBOURNE, UK",Birmingham,02/07/2021,72,52,22.2,11.1,16.7
UKE00105909,"WELLESBOURNE, UK",Birmingham,03/07/2021,71,59,21.7,15.0,18.3
UKE00105909,"WELLESBOURNE, UK",Birmingham,04/07/2021,68,58,20.0,14.4,17.2
UKE00105909,"WELLESBOURNE, UK",Birmingham,05/07/2021,66,56,18.9,13.3,16.1
UKE00105909,"WELLESBOURNE, UK",Birmingham,06/07/2021,71,54,21.7,12.2,16.9
UKE00105909,"WELLESBOURNE, UK",Birmingham,07/07/2021,75,57,23.9,13.9,18.9
UKE00105909,"WELLESBOURNE, UK",Birmingham,08/07/2021,72,56,22.2,13.3,17.8
UKE00105909,"WELLESBOURNE, UK",Birmingham,09/07/2021,69,54,20.6,12.2,16.4
UKE00105909,"WELLESBOURNE, UK",Birmingham,10/07/2021,70,55,21.1,12.8,16.9
UKE00105909,"WELLESBOURNE, UK",Birmingham,11/07/2021,69,53,20.6,11.7,16.1
UKE00105909,"WELLESBOURNE, UK",Birmingham,12/07/2021,74,57,23.3,13.9,18.6
UKE00105909,"WELLESBOURNE, UK",Birmingham,13/07/2021,75,56,23.9,13.3,18.6
UKE00105909,"WELLESBOURNE, UK",Birmingham,14/07/2021,75,52,23.9,11.1,17.5
UKE00105909,"WELLESBOURNE, UK",Birmingham,15/07/2021,82,53,27.8,11.7,19.7
UKE00105909,"WELLESBOURNE, UK",Birmingham,16/07/2021,85,50,29.4,10.0,19.7
UKE00105909,"WELLESBOURNE, UK",Birmingham,17/07/2021,88,54,31.1,12.2,21.7
UKE00105909,"WELLESBOURNE, UK",Birmingham,18/07/2021,87,57,30.6,13.9,22.2
UKE00105909,"WELLESBOURNE, UK",Birmingham,19/07/2021,88,62,31.1,16.7,23.9
UKE00105909,"WELLESBOURNE, UK",Birmingham,20/07/2021,85,61,29.4,16.1,22.8
UKE00105909,"WELLESBOURNE, UK",Birmingham,21/07/2021,86,58,30.0,14.4,22.2
UKE00105909,"WELLESBOURNE, UK",Birmingham,22/07/2021,77,58,25.0,14.4,19.7
UKE00105909,"WELLESBOURNE, UK",Birmingham,23/07/2021,71,60,21.7,15.6,18.6
UKE00105909,"WELLESBOURNE, UK",Birmingham,24/07/2021,73,59,22.8,15.0,18.9
UKE00105909,"WELLESBOURNE, UK",Birmingham,25/07/2021,81,60,27.2,15.6,21.4
UKE00105909,"WELLESBOURNE, UK",Birmingham,26/07/2021,74,55,23.3,12.8,18.1
UKE00105909,"WELLESBOURNE, UK",Birmingham,27/07/2021,69,62,20.6,16.7,18.6
UKE00105909,"WELLESBOURNE, UK",Birmingham,28/07/2021,73,58,22.8,14.4,18.6
UKE00105909,"WELLESBOURNE, UK",Birmingham,29/07/2021,63,53,17.2,11.7,14.4
UKE00105909,"WELLESBOURNE, UK",Birmingham,30/07/2021,68,56,20.0,13.3,16.7
UKE00105909,"WELLESBOURNE, UK",Birmingham,31/07/2021,68,56,20.0,13.3,16.7
UKE00105909,"WELLESBOURNE, UK",Birmingham,01/08/2021,68,55,20.0,12.8,16.4
UKE00105909,"WELLESBOURNE, UK",Birmingham,02/08/2021,69,51,20.6,10.6,15.6
UKE00105909,"WELLESBOURNE, UK",Birmingham,03/08/2021,75,52,23.9,11.1,17.5
UKE00105909,"WELLESBOURNE, UK",Birmingham,04/08/2021,69,50,20.6,10.0,15.3
UKE00105909,"WELLESBOURNE, UK",Birmingham,05/08/2021,73,53,22.8,11.7,17.2
UKE00105909,"WELLESBOURNE, UK",Birmingham,06/08/2021,70,59,21.1,15.0,18.1
UKE00105909,"WELLESBOURNE, UK",Birmingham,07/08/2021,68,53,20.0,11.7,15.8
UKE00105909,"WELLESBOURNE, UK",Birmingham,08/08/2021,72,59,22.2,15.0,18.6
UKE00105909,"WELLESBOURNE, UK",Birmingham,09/08/2021,78,54,25.6,12.2,18.9
UKE00105909,"WELLESBOURNE, UK",Birmingham,10/08/2021,74,53,23.3,11.7,17.5
UKE00105909,"WELLESBOURNE, UK",Birmingham,11/08/2021,76,53,24.4,11.7,18.1
UKE00105909,"WELLESBOURNE, UK",Birmingham,12/08/2021,73,49,22.8,9.4,16.1
UKE00105909,"WELLESBOURNE, UK",Birmingham,13/08/2021,77,55,25.0,12.8,18.9
UKE00105909,"WELLESBOURNE, UK",Birmingham,14/08/2021,73,56,22.8,13.3,18.1
UKE00105909,"WELLESBOURNE, UK",Birmingham,15/08/2021,65,56,18.3,13.3,15.8
UKE00105909,"WELLESBOURNE, UK",Birmingham,16/08/2021,67,52,19.4,11.1,15.3
UKE00105909,"WELLESBOURNE, UK",Birmingham,17/08/2021,70,54,21.1,12.2,16.7
UKE00105909,"WELLESBOURNE, UK",Birmingham,18/08/2021,74,58,23.3,14.4,18.9
UKE00105909,"WELLESBOURNE, UK",Birmingham,19/08/2021,72,57,22.2,13.9,18.1
UKE00105909,"WELLESBOURNE, UK",Birmingham,20/08/2021,66,60,18.9,15.6,17.2
UKE00105909,"WELLESBOURNE, UK",Birmingham,21/08/2021,72,61,22.2,16.1,19.2
UKE00105909,"WELLESBOURNE, UK",Birmingham,22/08/2021,71,56,21.7,13.3,17.5
UKE00105909,"WELLESBOURNE, UK",Birmingham,23/08/2021,69,58,20.6,14.4,17.5
UKE00105909,"WELLESBOURNE, UK",Birmingham,24/08/2021,65,47,18.3,8.3,13.3
UKE00105909,"WELLESBOURNE, UK",Birmingham,25/08/2021,68,58,20.0,14.4,17.2
UKE00105909,"WELLESBOURNE, UK",Birmingham,26/08/2021,63,55,17.2,12.8,15.0
UKE00105909,"WELLESBOURNE, UK",Birmingham,27/08/2021,72,50,22.2,10.0,16.1
UKE00105909,"WELLESBOURNE, UK",Birmingham,28/08/2021,65,46,18.3,7.8,13.1
UKE00105909,"WELLESBOURNE, UK",Birmingham,29/08/2021,62,46,16.7,7.8,12.2
UKE00105909,"WELLESBOURNE, UK",Birmingham,30/08/2021,63,56,17.2,13.3,15.3
UKE00105909,"WELLESBOURNE, UK",Birmingham,31/08/2021,64,54,17.8,12.2,15.0
UKE00105909,"WELLESBOURNE, UK",Birmingham,01/09/2021,67,55,19.4,12.8,16.1
UKE00105909,"WELLESBOURNE, UK",Birmingham,02/09/2021,70,56,21.1,13.3,17.2
UKE00105909,"WELLESBOURNE, UK",Birmingham,03/09/2021,70,58,21.1,14.4,17.8
UKE00105909,"WELLESBOURNE, UK",Birmingham,04/09/2021,79,53,26.1,11.7,18.9
UKE00105909,"WELLESBOURNE, UK",Birmingham,05/09/2021,84,53,28.9,11.7,20.3
UKE00105909,"WELLESBOURNE, UK",Birmingham,06/09/2021,86,54,30.0,12.2,21.1
UKE00105909,"WELLESBOURNE, UK",Birmingham,07/09/2021,85,55,29.4,12.8,21.1
UKE00105909,"WELLESBOURNE, UK",Birmingham,08/09/2021,71,56,21.7,13.3,17.5
UKE00105909,"WELLESBOURNE, UK",Birmingham,09/09/2021,72,60,22.2,15.6,18.9
UKE00105909,"WELLESBOURNE, UK",Birmingham,10/09/2021,73,62,22.8,16.7,19.7
UKE00105909,"WELLESBOURNE, UK",Birmingham,11/09/2021,68,60,20.0,15.6,17.8
UKE00105909,"WELLESBOURNE, UK",Birmingham,12/09/2021,70,51,21.1,10.6,15.8
UKE00105909,"WELLESBOURNE, UK",Birmingham,13/09/2021,62,56,16.7,13.3,15.0
UKE00105909,"WELLESBOURNE, UK",Birmingham,14/09/2021,69,56,20.6,13.3,16.9
UKE00105909,"WELLESBOURNE, UK",Birmingham,15/09/2021,72,55,22.2,12.8,17.5
UKE00105909,"WELLESBOURNE, UK",Birmingham,16/09/2021,71,50,21.7,10.0,15.8
UKE00105909,"WELLESBOURNE, UK",Birmingham,17/09/2021,75,50,23.9,10.0,16.9
UKE00105909,"WELLESBOURNE, UK",Birmingham,18/09/2021,69,50,20.6,10.0,15.3
UKE00105909,"WELLESBOURNE, UK",Birmingham,19/09/2021,70,53,21.1,11.7,16.4
UKE00105909,"WELLESBOURNE, UK",Birmingham,20/09/2021,70,45,21.1,7.2,14.2
UKE00105909,"WELLESBOURNE, UK",Birmingham,21/09/2021,70,44,21.1,6.7,13.9
UKE00105909,"WELLESBOURNE, UK",Birmingham,22/09/2021,74,45,23.3,7.2,15.3
UKE00105909,"WELLESBOURNE, UK",Birmingham,23/09/2021,76,52,24.4,11.1,17.8
UKE00105909,"WELLESBOURNE, UK",Birmingham,24/09/2021,72,48,22.2,8.9,15.6
UKE00105909,"WELLESBOURNE, UK",Birmingham,25/09/2021,72,58,22.2,14.4,18.3
UKE00105909,"WELLESBOURNE, UK",Birmingham,26/09/2021,65,56,18.3,13.3,15.8
UKE00105909,"WELLESBOURNE, UK",Birmingham,27/09/2021,63,52,17.2,11.1,14.2
UKE00105909,"WELLESBOURNE, UK",Birmingham,28/09/2021,59,49,15.0,9.4,12.2
UKE00105909,"WELLESBOURNE, UK",Birmingham,29/09/2021,61,43,16.1,6.1,11.1
UKE00105909,"WELLESBOURNE, UK",Birmingham,30/09/2021,62,44,16.7,6.7,11.7
UKE00105909,"WELLESBOURNE, UK",Birmingham,01/10/2021,57,54,13.9,12.2,13.1
UKE00105909,"WELLESBOURNE, UK",Birmingham,02/10/2021,61,45,16.1,7.2,11.7
UKE00105909,"WELLESBOURNE, UK",Birmingham,03/10/2021,61,45,16.1,7.2,11.7
UKE00105909,"WELLESBOURNE, UK",Birmingham,04/10/2021,60,48,15.6,8.9,12.2
UKE00105909,"WELLESBOURNE, UK",Birmingham,05/10/2021,62,49,16.7,9.4,13.1
UKE00105909,"WELLESBOURNE, UK",Birmingham,06/10/2021,69,47,20.6,8.3,14.4
UKE00105909,"WELLESBOURNE, UK",Birmingham,07/10/2021,61,55,16.1,12.8,14.4
UKE00105909,"WELLESBOURNE, UK",Birmingham,08/10/2021,65,54,18.3,12.2,15.3
UKE00105909,"WELLESBOURNE, UK",Birmingham,09/10/2021,64,53,17.8,11.7,14.7
UKE00105909,"WELLESBOURNE, UK",Birmingham,10/10/2021,61,55,16.1,12.8,14.4
UKE00105909,"WELLESBOURNE, UK",Birmingham,11/10/2021,60,39,15.6,3.9,9.7
UKE00105909,"WELLESBOURNE, UK",Birmingham,12/10/2021,62,42,16.7,5.6,11.1
UKE00105909,"WELLESBOURNE, UK",Birmingham,13/10/2021,61,50,16.1,10.0,13.1
UKE00105909,"WELLESBOURNE, UK",Birmingham,14/10/2021,57,48,13.9,8.9,11.4
UKE00105909,"WELLESBOURNE, UK",Birmingham,15/10/2021,61,50,16.1,10.0,13.1
UKE00105909,"WELLESBOURNE, UK",Birmingham,16/10/2021,64,45,17.8,7.2,12.5
UKE00105909,"WELLESBOURNE, UK",Birmingham,17/10/2021,65,51,18.3,10.6,14.4
UKE00105909,"WELLESBOURNE, UK",Birmingham,18/10/2021,66,48,18.9,8.9,13.9
UKE00105909,"WELLESBOURNE, UK",Birmingham,19/10/2021,62,57,16.7,13.9,15.3
UKE00105909,"WELLESBOURNE, UK",Birmingham,20/10/2021,54,54,12.2,12.2,12.2
UKE00105909,"WELLESBOURNE, UK",Birmingham,21/10/2021,58,43,14.4,6.1,10.3
UKE00105909,"WELLESBOURNE, UK",Birmingham,22/10/2021,55,40,12.8,4.4,8.6
UKE00105909,"WELLESBOURNE, UK",Birmingham,23/10/2021,59,46,15.0,7.8,11.4
UKE00105909,"WELLESBOURNE, UK",Birmingham,24/10/2021,60,50,15.6,10.0,12.8
UKE00105909,"WELLESBOURNE, UK",Birmingham,25/10/2021,62,50,16.7,10.0,13.3
UKE00105909,"WELLESBOURNE, UK",Birmingham,26/10/2021,62,42,16.7,5.6,11.1
UKE00105909,"WELLESBOURNE, UK",Birmingham,27/10/2021,62,53,16.7,11.7,14.2
UKE00105909,"WELLESBOURNE, UK",Birmingham,28/10/2021,58,56,14.4,13.3,13.9
UKE00105909,"WELLESBOURNE, UK",Birmingham,29/10/2021,57,55,13.9,12.8,13.3
UKE00105909,"WELLESBOURNE, UK",Birmingham,30/10/2021,56,48,13.3,8.9,11.1
UKE00105909,"WELLESBOURNE, UK",Birmingham,31/10/2021,56,45,13.3,7.2,10.3
UKE00105909,"WELLESBOURNE, UK",Birmingham,01/11/2021,54,47,12.2,8.3,10.3
UKE00105909,"WELLESBOURNE, UK",Birmingham,02/11/2021,49,32,9.4,0.0,4.7
UKE00105909,"WELLESBOURNE, UK",Birmingham,03/11/2021,49,32,9.4,0.0,4.7
UKE00105909,"WELLESBOURNE, UK",Birmingham,04/11/2021,52,40,11.1,4.4,7.8
UKE00105909,"WELLESBOURNE, UK",Birmingham,05/11/2021,56,29,13.3,-1.7,5.8
UKE00105909,"WELLESBOURNE, UK",Birmingham,06/11/2021,54,37,12.2,2.8,7.5
UKE00105909,"WELLESBOURNE, UK",Birmingham,07/11/2021,55,42,12.8,5.6,9.2
UKE00105909,"WELLESBOURNE, UK",Birmingham,08/11/2021,59,35,15.0,1.7,8.3
UKE00105909,"WELLESBOURNE, UK",Birmingham,09/11/2021,53,41,11.7,5.0,8.3
UKE00105909,"WELLESBOURNE, UK",Birmingham,10/11/2021,58,51,14.4,10.6,12.5
UKE00105909,"WELLESBOURNE, UK",Birmingham,11/11/2021,57,51,13.9,10.6,12.2
UKE00105909,"WELLESBOURNE, UK",Birmingham,12/11/2021,55,47,12.8,8.3,10.6
UKE00105909,"WELLESBOURNE, UK",Birmingham,13/11/2021,54,50,12.2,10.0,11.1
UKE00105909,"WELLESBOURNE, UK",Birmingham,14/11/2021,53,47,11.7,8.3,10.0
UKE00105909,"WELLESBOURNE, UK",Birmingham,15/11/2021,54,46,12.2,7.8,10.0
UKE00105909,"WELLESBOURNE, UK",Birmingham,16/11/2021,53,42,11.7,5.6,8.6
UKE00105909,"WELLESBOURNE, UK",Birmingham,17/11/2021,57,39,13.9,3.9,8.9
UKE00105909,"WELLESBOURNE, UK",Birmingham,18/11/2021,55,42,12.8,5.6,9.2
UKE00105909,"WELLESBOURNE, UK",Birmingham,19/11/2021,51,49,10.6,9.4,10.0
UKE00105909,"WELLESBOURNE, UK",Birmingham,20/11/2021,46,49,7.8,9.4,8.6
UKE00105909,"WELLESBOURNE, UK",Birmingham,21/11/2021,47,32,8.3,0.0,4.2
UKE00105909,"WELLESBOURNE, UK",Birmingham,22/11/2021,44,28,6.7,-2.2,2.2
UKE00105909,"WELLESBOURNE, UK",Birmingham,23/11/2021,45,30,7.2,-1.1,3.1
UKE00105909,"WELLESBOURNE, UK",Birmingham,24/11/2021,45,38,7.2,3.3,5.3
UKE00105909,"WELLESBOURNE, UK",Birmingham,25/11/2021,46,33,7.8,0.6,4.2
UKE00105909,"WELLESBOURNE, UK",Birmingham,26/11/2021,40,35,4.4,1.7,3.1
UKE00105909,"WELLESBOURNE, UK",Birmingham,27/11/2021,37,34,2.8,1.1,1.9
UKE00105909,"WELLESBOURNE, UK",Birmingham,28/11/2021,49,26,9.4,-3.3,3.1
UKE00105909,"WELLESBOURNE, UK",Birmingham,29/11/2021,54,26,12.2,-3.3,4.4
UKE00105909,"WELLESBOURNE, UK",Birmingham,30/11/2021,48,29,8.9,-1.7,3.6
UKE00105909,"WELLESBOURNE, UK",Birmingham,01/12/2021,42,44,5.6,6.7,6.1
UKE00105909,"WELLESBOURNE, UK",Birmingham,02/12/2021,45,31,7.2,-0.6,3.3
UKE00105909,"WELLESBOURNE, UK",Birmingham,03/12/2021,46,29,7.8,-1.7,3.1
UKE00105909,"WELLESBOURNE, UK",Birmingham,04/12/2021,44,38,6.7,3.3,5.0
UKE00105909,"WELLESBOURNE, UK",Birmingham,05/12/2021,46,36,7.8,2.2,5.0
UKE00105909,"WELLESBOURNE, UK",Birmingham,06/12/2021,47,29,8.3,-1.7,3.3
UKE00105909,"WELLESBOURNE, UK",Birmingham,07/12/2021,45,32,7.2,0.0,3.6
UKE00105909,"WELLESBOURNE, UK",Birmingham,08/12/2021,46,38,7.8,3.3,5.6
UKE00105909,"WELLESBOURNE, UK",Birmingham,09/12/2021,45,37,7.2,2.8,5.0
UKE00105909,"WELLESBOURNE, UK",Birmingham,10/12/2021,54,37,12.2,2.8,7.5
UKE00105909,"WELLESBOURNE, UK",Birmingham,11/12/2021,57,32,13.9,0.0,6.9
UKE00105909,"WELLESBOURNE, UK",Birmingham,12/12/2021,54,37,12.2,2.8,7.5
UKE00105909,"WELLESBOURNE, UK",Birmingham,13/12/2021,56,51,13.3,10.6,11.9
UKE00105909,"WELLESBOURNE, UK",Birmingham,14/12/2021,54,49,12.2,9.4,10.8
UKE00105909,"WELLESBOURNE, UK",Birmingham,15/12/2021,52,45,11.1,7.2,9.2
UKE00105909,"WELLESBOURNE, UK",Birmingham,16/12/2021,48,49,8.9,9.4,9.2
UKE00105909,"WELLESBOURNE, UK",Birmingham,17/12/2021,46,47,7.8,8.3,8.1
UKE00105909,"WELLESBOURNE, UK",Birmingham,18/12/2021,42,40,5.6,4.4,5.0
UKE00105909,"WELLESBOURNE, UK",Birmingham,19/12/2021,43,35,6.1,1.7,3.9
UKE00105909,"WELLESBOURNE, UK",Birmingham,20/12/2021,42,35,5.6,1.7,3.6
UKE00105909,"WELLESBOURNE, UK",Birmingham,21/12/2021,45,38,7.2,3.3,5.3
UKE00105909,"WELLESBOURNE, UK",Birmingham,22/12/2021,53,27,11.7,-2.8,4.4
UKE00105909,"WELLESBOURNE, UK",Birmingham,23/12/2021,47,31,8.3,-0.6,3.9
UKE00105909,"WELLESBOURNE, UK",Birmingham,24/12/2021,43,33,6.1,0.6,3.3
UKE00105909,"WELLESBOURNE, UK",Birmingham,25/12/2021,48,35,8.9,1.7,5.3
UKE00105909,"WELLESBOURNE, UK",Birmingham,26/12/2021,51,40,10.6,4.4,7.5
UKE00105909,"WELLESBOURNE, UK",Birmingham,27/12/2021,51,42,10.6,5.6,8.1
UKE00105909,"WELLESBOURNE, UK",Birmingham,28/12/2021,59,45,15.0,7.2,11.1
UKE00105909,"WELLESBOURNE, UK",Birmingham,29/12/2021,59,40,15.0,4.4,9.7
UKE00105909,"WELLESBOURNE, UK",Birmingham,30/12/2021,59,48,15.0,8.9,11.9
UKE00105909,"WELLESBOURNE, UK",Birmingham,31/12/2021,58,55,14.4,12.8,13.6
UKE00105909,"WELLESBOURNE, UK",Birmingham,01/01/2022,53,53,11.7,11.7,11.7
UKE00105909,"WELLESBOURNE, UK",Birmingham,02/01/2022,50,47,10.0,8.3,9.2
UKE00105909,"WELLESBOURNE, UK",Birmingham,03/01/2022,40,47,4.4,8.3,6.4
UKE00105909,"WELLESBOURNE, UK",Birmingham,04/01/2022,43,36,6.1,2.2,4.2
UKE00105909,"WELLESBOURNE, UK",Birmingham,05/01/2022,45,31,7.2,-0.6,3.3
UKE00105909,"WELLESBOURNE, UK",Birmingham,06/01/2022,45,23,7.2,-5.0,1.1
UKE00105909,"WELLESBOURNE, UK",Birmingham,07/01/2022,51,33,10.6,0.6,5.6
UKE00105909,"WELLESBOURNE, UK",Birmingham,08/01/2022,46,33,7.8,0.6,4.2
UKE00105909,"WELLESBOURNE, UK",Birmingham,09/01/2022,49,33,9.4,0.6,5.0
UKE00105909,"WELLESBOURNE, UK",Birmingham,10/01/2022,50,33,10.0,0.6,5.3
UKE00105909,"WELLESBOURNE, UK",Birmingham,11/01/2022,44,41,6.7,5.0,5.8
UKE00105909,"WELLESBOURNE, UK",Birmingham,12/01/2022,45,29,7.2,-1.7,2.8
UKE00105909,"WELLESBOURNE, UK",Birmingham,13/01/2022,36,28,2.2,-2.2,0.0
UKE00105909,"WELLESBOURNE, UK",Birmingham,14/01/2022,38,26,3.3,-3.3,0.0
UKE00105909,"WELLESBOURNE, UK",Birmingham,15/01/2022,47,25,8.3,-3.9,2.2
UKE00105909,"WELLESBOURNE, UK",Birmingham,16/01/2022,46,30,7.8,-1.1,3.3
UKE00105909,"WELLESBOURNE, UK",Birmingham,17/01/2022,42,29,5.6,-1.7,1.9
UKE00105909,"WELLESBOURNE, UK",Birmingham,18/01/2022,49,24,9.4,-4.4,2.5
UKE00105909,"WELLESBOURNE, UK",Birmingham,19/01/2022,41,28,5.0,-2.2,1.4
UKE00105909,"WELLESBOURNE, UK",Birmingham,20/01/2022,42,27,5.6,-2.8,1.4
UKE00105909,"WELLESBOURNE, UK",Birmingham,21/01/2022,44,25,6.7,-3.9,1.4
UKE00105909,"WELLESBOURNE, UK",Birmingham,22/01/2022,40,31,4.4,-0.6,1.9
UKE00105909,"WELLESBOURNE, UK",Birmingham,23/01/2022,40,38,4.4,3.3,3.9
UKE00105909,"WELLESBOURNE, UK",Birmingham,24/01/2022,38,37,3.3,2.8,3.1
UKE00105909,"WELLESBOURNE, UK",Birmingham,25/01/2022,48,35,8.9,1.7,5.3
UKE00105909,"WELLESBOURNE, UK",Birmingham,26/01/2022,54,33,12.2,0.6,6.4
UKE00105909,"WELLESBOURNE, UK",Birmingham,27/01/2022,53,36,11.7,2.2,6.9
UKE00105909,"WELLESBOURNE, UK",Birmingham,28/01/2022,56,31,13.3,-0.6,6.4
UKE00105909,"WELLESBOURNE, UK",Birmingham,29/01/2022,47,37,8.3,2.8,5.6
UKE00105909,"WELLESBOURNE, UK",Birmingham,30/01/2022,49,29,9.4,-1.7,3.9
UKE00105909,"WELLESBOURNE, UK",Birmingham,31/01/2022,58,32,14.4,0.0,7.2
UKE00105909,"WELLESBOURNE, UK",Birmingham,01/02/2022,52,40,11.1,4.4,7.8
UKE00105909,"WELLESBOURNE, UK",Birmingham,02/02/2022,53,47,11.7,8.3,10.0
UKE00105909,"WELLESBOURNE, UK",Birmingham,03/02/2022,47,44,8.3,6.7,7.5
UKE00105909,"WELLESBOURNE, UK",Birmingham,04/02/2022,50,35,10.0,1.7,5.8
UKE00105909,"WELLESBOURNE, UK",Birmingham,05/02/2022,50,33,10.0,0.6,5.3
UKE00105909,"WELLESBOURNE, UK",Birmingham,06/02/2022,52,40,11.1,4.4,7.8
UKE00105909,"WELLESBOURNE, UK",Birmingham,07/02/2022,54,33,12.2,0.6,6.4
UKE00105909,"WELLESBOURNE, UK",Birmingham,08/02/2022,51,36,10.6,2.2,6.4
UKE00105909,"WELLESBOURNE, UK",Birmingham,09/02/2022,47,47,8.3,8.3,8.3
UKE00105909,"WELLESBOURNE, UK",Birmingham,10/02/2022,47,39,8.3,3.9,6.1
UKE00105909,"WELLESBOURNE, UK",Birmingham,11/02/2022,49,33,9.4,0.6,5.0
UKE00105909,"WELLESBOURNE, UK",Birmingham,12/02/2022,51,36,10.6,2.2,6.4
UKE00105909,"WELLESBOURNE, UK",Birmingham,13/02/2022,47,42,8.3,5.6,6.9
UKE00105909,"WELLESBOURNE, UK",Birmingham,14/02/2022,55,42,12.8,5.6,9.2
UKE00105909,"WELLESBOURNE, UK",Birmingham,15/02/2022,61,34,16.1,1.1,8.6
UKE00105909,"WELLESBOURNE, UK",Birmingham,16/02/2022,53,44,11.7,6.7,9.2
UKE00105909,"WELLESBOURNE, UK",Birmingham,17/02/2022,49,41,9.4,5.0,7.2
UKE00105909,"WELLESBOURNE, UK",Birmingham,18/02/2022,51,41,10.6,5.0,7.8
UKE00105909,"WELLESBOURNE, UK",Birmingham,19/02/2022,57,35,13.9,1.7,7.8
UKE00105909,"WELLESBOURNE, UK",Birmingham,20/02/2022,52,37,11.1,2.8,6.9
UKE00105909,"WELLESBOURNE, UK",Birmingham,21/02/2022,56,37,13.3,2.8,8.1
UKE00105909,"WELLESBOURNE, UK",Birmingham,22/02/2022,53,39,11.7,3.9,7.8
UKE00105909,"WELLESBOURNE, UK",Birmingham,23/02/2022,45,34,7.2,1.1,4.2
UKE00105909,"WELLESBOURNE, UK",Birmingham,24/02/2022,51,38,10.6,3.3,6.9
UKE00105909,"WELLESBOURNE, UK",Birmingham,25/02/2022,52,36,11.1,2.2,6.7
UKE00105909,"WELLESBOURNE, UK",Birmingham,26/02/2022,53,30,11.7,-1.1,5.3
UKE00105909,"WELLESBOURNE, UK",Birmingham,27/02/2022,53,35,11.7,1.7,6.7
UKE00105909,"WELLESBOURNE, UK",Birmingham,28/02/2022,47,39,8.3,3.9,6.1
UKE00105909,"WELLESBOURNE, UK",Birmingham,01/03/2022,45,42,7.2,5.6,6.4
UKE00105909,"WELLESBOURNE, UK",Birmingham,02/03/2022,52,42,11.1,5.6,8.3
UKE00105909,"WELLESBOURNE, UK",Birmingham,03/03/2022,50,43,10.0,6.1,8.1
UKE00105909,"WELLESBOURNE, UK",Birmingham,04/03/2022,47,41,8.3,5.0,6.7
UKE00105909,"WELLESBOURNE, UK",Birmingham,05/03/2022,46,38,7.8,3.3,5.6
UKE00105909,"WELLESBOURNE, UK",Birmingham,06/03/2022,47,38,8.3,3.3,5.8
UKE00105909,"WELLESBOURNE, UK",Birmingham,07/03/2022,54,34,12.2,1.1,6.7
UKE00105909,"WELLESBOURNE, UK",Birmingham,08/03/2022,55,31,12.8,-0.6,6.1
UKE00105909,"WELLESBOURNE, UK",Birmingham,09/03/2022,59,38,15.0,3.3,9.2
UKE00105909,"WELLESBOURNE, UK",Birmingham,10/03/2022,54,47,12.2,8.3,10.3
UKE00105909,"WELLESBOURNE, UK",Birmingham,11/03/2022,54,47,12.2,8.3,10.3
UKE00105909,"WELLESBOURNE, UK",Birmingham,12/03/2022,55,43,12.8,6.1,9.4
UKE00105909,"WELLESBOURNE, UK",Birmingham,13/03/2022,56,46,13.3,7.8,10.6
UKE00105909,"WELLESBOURNE, UK",Birmingham,14/03/2022,58,30,14.4,-1.1,6.7
UKE00105909,"WELLESBOURNE, UK",Birmingham,15/03/2022,51,32,10.6,0.0,5.3
UKE00105909,"WELLESBOURNE, UK",Birmingham,16/03/2022,55,44,12.8,6.7,9.7
UKE00105909,"WELLESBOURNE, UK",Birmingham,17/03/2022,59,33,15.0,0.6,7.8
UKE00105909,"WELLESBOURNE, UK",Birmingham,18/03/2022,58,33,14.4,0.6,7.5
UKE00105909,"WELLESBOURNE, UK",Birmingham,19/03/2022,51,40,10.6,4.4,7.5
UKE00105909,"WELLESBOURNE, UK",Birmingham,20/03/2022,57,34,13.9,1.1,7.5
UKE00105909,"WELLESBOURNE, UK",Birmingham,21/03/2022,67,28,19.4,-2.2,8.6
UKE00105909,"WELLESBOURNE, UK",Birmingham,22/03/2022,66,38,18.9,3.3,11.1
UKE00105909,"WELLESBOURNE, UK",Birmingham,23/03/2022,63,34,17.2,1.1,9.2
UKE00105909,"WELLESBOURNE, UK",Birmingham,24/03/2022,62,37,16.7,2.8,9.7
UKE00105909,"WELLESBOURNE, UK",Birmingham,25/03/2022,63,33,17.2,0.6,8.9
UKE00105909,"WELLESBOURNE, UK",Birmingham,26/03/2022,57,33,13.9,0.6,7.2
UKE00105909,"WELLESBOURNE, UK",Birmingham,27/03/2022,60,37,15.6,2.8,9.2
UKE00105909,"WELLESBOURNE, UK",Birmingham,28/03/2022,47,37,8.3,2.8,5.6
UKE00105909,"WELLESBOURNE, UK",Birmingham,29/03/2022,47,41,8.3,5.0,6.7
UKE00105909,"WELLESBOURNE, UK",Birmingham,30/03/2022,44,39,6.7,3.9,5.3
UKE00105909,"WELLESBOURNE, UK",Birmingham,31/03/2022,47,31,8.3,-0.6,3.9
UKE00105909,"WELLESBOURNE, UK",Birmingham,01/04/2022,48,32,8.9,0.0,4.4
UKE00105909,"WELLESBOURNE, UK",Birmingham,02/04/2022,51,26,10.6,-3.3,3.6
UKE00105909,"WELLESBOURNE, UK",Birmingham,03/04/2022,57,24,13.9,-4.4,4.7
UKE00105909,"WELLESBOURNE, UK",Birmingham,04/04/2022,58,39,14.4,3.9,9.2
UKE00105909,"WELLESBOURNE, UK",Birmingham,05/04/2022,57,48,13.9,8.9,11.4
UKE00105909,"WELLESBOURNE, UK",Birmingham,06/04/2022,54,48,12.2,8.9,10.6
UKE00105909,"WELLESBOURNE, UK",Birmingham,07/04/2022,53,45,11.7,7.2,9.4
UKE00105909,"WELLESBOURNE, UK",Birmingham,08/04/2022,52,29,11.1,-1.7,4.7
UKE00105909,"WELLESBOURNE, UK",Birmingham,09/04/2022,55,30,12.8,-1.1,5.8
UKE00105909,"WELLESBOURNE, UK",Birmingham,10/04/2022,63,27,17.2,-2.8,7.2
UKE00105909,"WELLESBOURNE, UK",Birmingham,11/04/2022,60,38,15.6,3.3,9.4
UKE00105909,"WELLESBOURNE, UK",Birmingham,12/04/2022,65,46,18.3,7.8,13.1
UKE00105909,"WELLESBOURNE, UK",Birmingham,13/04/2022,61,51,16.1,10.6,13.3
UKE00105909,"WELLESBOURNE, UK",Birmingham,14/04/2022,72,38,22.2,3.3,12.8
UKE00105909,"WELLESBOURNE, UK",Birmingham,15/04/2022,70,40,21.1,4.4,12.8
UKE00105909,"WELLESBOURNE, UK",Birmingham,16/04/2022,67,47,19.4,8.3,13.9
UKE00105909,"WELLESBOURNE, UK",Birmingham,17/04/2022,61,40,16.1,4.4,10.3
UKE00105909,"WELLESBOURNE, UK",Birmingham,18/04/2022,60,44,15.6,6.7,11.1
UKE00105909,"WELLESBOURNE, UK",Birmingham,19/04/2022,64,42,17.8,5.6,11.7
UKE00105909,"WELLESBOURNE, UK",Birmingham,20/04/2022,65,44,18.3,6.7,12.5
UKE00105909,"WELLESBOURNE, UK",Birmingham,21/04/2022,61,41,16.1,5.0,10.6
UKE00105909,"WELLESBOURNE, UK",Birmingham,22/04/2022,61,44,16.1,6.7,11.4
UKE00105909,"WELLESBOURNE, UK",Birmingham,23/04/2022,62,45,16.7,7.2,11.9
UKE00105909,"WELLESBOURNE, UK",Birmingham,24/04/2022,57,45,13.9,7.2,10.6
UKE00105909,"WELLESBOURNE, UK",Birmingham,25/04/2022,59,39,15.0,3.9,9.4
UKE00105909,"WELLESBOURNE, UK",Birmingham,26/04/2022,52,40,11.1,4.4,7.8
UKE00105909,"WELLESBOURNE, UK",Birmingham,27/04/2022,52,32,11.1,0.0,5.6
UKE00105909,"WELLESBOURNE, UK",Birmingham,28/04/2022,55,44,12.8,6.7,9.7
UKE00105909,"WELLESBOURNE, UK",Birmingham,29/04/2022,63,45,17.2,7.2,12.2
UKE00105909,"WELLESBOURNE, UK",Birmingham,30/04/2022,53,30,11.7,-1.1,5.3
UKE00105909,"WELLESBOURNE, UK",Birmingham,01/05/2022,60,47,15.6,8.3,11.9
UKE00105909,"WELLESBOURNE, UK",Birmingham,02/05/2022,61,48,16.1,8.9,12.5
UKE00105909,"WELLESBOURNE, UK",Birmingham,03/05/2022,62,49,16.7,9.4,13.1
UKE00105909,"WELLESBOURNE, UK",Birmingham,04/05/2022,69,47,20.6,8.3,14.4
UKE00105909,"WELLESBOURNE, UK",Birmingham,05/05/2022,66,40,18.9,4.4,11.7
UKE00105909,"WELLESBOURNE, UK",Birmingham,06/05/2022,68,47,20.0,8.3,14.2
UKE00105909,"WELLESBOURNE, UK",Birmingham,07/05/2022,66,51,18.9,10.6,14.7
UKE00105909,"WELLESBOURNE, UK",Birmingham,08/05/2022,71,49,21.7,9.4,15.6
UKE00105909,"WELLESBOURNE, UK",Birmingham,09/05/2022,69,42,20.6,5.6,13.1
UKE00105909,"WELLESBOURNE, UK",Birmingham,10/05/2022,62,56,16.7,13.3,15.0
UKE00105909,"WELLESBOURNE, UK",Birmingham,11/05/2022,61,52,16.1,11.1,13.6
UKE00105909,"WELLESBOURNE, UK",Birmingham,12/05/2022,67,44,19.4,6.7,13.1
UKE00105909,"WELLESBOURNE, UK",Birmingham,13/05/2022,71,49,21.7,9.4,15.6
UKE00105909,"WELLESBOURNE, UK",Birmingham,14/05/2022,66,41,18.9,5.0,11.9
UKE00105909,"WELLESBOURNE, UK",Birmingham,15/05/2022,69,54,20.6,12.2,16.4
UKE00105909,"WELLESBOURNE, UK",Birmingham,16/05/2022,75,56,23.9,13.3,18.6
UKE00105909,"WELLESBOURNE, UK",Birmingham,17/05/2022,69,51,20.6,10.6,15.6
UKE00105909,"WELLESBOURNE, UK",Birmingham,18/05/2022,67,48,19.4,8.9,14.2
UKE00105909,"WELLESBOURNE, UK",Birmingham,19/05/2022,65,49,18.3,9.4,13.9
UKE00105909,"WELLESBOURNE, UK",Birmingham,20/05/2022,66,52,18.9,11.1,15.0
UKE00105909,"WELLESBOURNE, UK",Birmingham,21/05/2022,70,47,21.1,8.3,14.7
UKE00105909,"WELLESBOURNE, UK",Birmingham,22/05/2022,63,44,17.2,6.7,11.9
UKE00105909,"WELLESBOURNE, UK",Birmingham,23/05/2022,63,55,17.2,12.8,15.0
UKE00105909,"WELLESBOURNE, UK",Birmingham,24/05/2022,65,49,18.3,9.4,13.9
UKE00105909,"WELLESBOURNE, UK",Birmingham,25/05/2022,66,45,18.9,7.2,13.1
UKE00105909,"WELLESBOURNE, UK",Birmingham,26/05/2022,66,48,18.9,8.9,13.9
UKE00105909,"WELLESBOURNE, UK",Birmingham,27/05/2022,65,47,18.3,8.3,13.3
UKE00105909,"WELLESBOURNE, UK",Birmingham,28/05/2022,60,44,15.6,6.7,11.1
UKE00105909,"WELLESBOURNE, UK",Birmingham,29/05/2022,61,47,16.1,8.3,12.2
UKE00105909,"WELLESBOURNE, UK",Birmingham,30/05/2022,61,45,16.1,7.2,11.7
UKE00105909,"WELLESBOURNE, UK",Birmingham,31/05/2022,65,44,18.3,6.7,12.5
UKE00105909,"WELLESBOURNE, UK",Birmingham,01/06/2022,69,42,20.6,5.6,13.1
UKE00105909,"WELLESBOURNE, UK",Birmingham,02/06/2022,69,40,20.6,4.4,12.5
UKE00105909,"WELLESBOURNE, UK",Birmingham,03/06/2022,61,47,16.1,8.3,12.2
UKE00105909,"WELLESBOURNE, UK",Birmingham,04/06/2022,55,52,12.8,11.1,11.9
UKE00105909,"WELLESBOURNE, UK",Birmingham,05/06/2022,61,49,16.1,9.4,12.8
UKE00105909,"WELLESBOURNE, UK",Birmingham,06/06/2022,71,50,21.7,10.0,15.8
UKE00105909,"WELLESBOURNE, UK",Birmingham,07/06/2022,67,48,19.4,8.9,14.2
UKE00105909,"WELLESBOURNE, UK",Birmingham,08/06/2022,65,57,18.3,13.9,16.1
UKE00105909,"WELLESBOURNE, UK",Birmingham,09/06/2022,72,48,22.2,8.9,15.6
UKE00105909,"WELLESBOURNE, UK",Birmingham,10/06/2022,69,54,20.6,12.2,16.4
UKE00105909,"WELLESBOURNE, UK",Birmingham,11/06/2022,68,51,20.0,10.6,15.3
UKE00105909,"WELLESBOURNE, UK",Birmingham,12/06/2022,66,49,18.9,9.4,14.2
UKE00105909,"WELLESBOURNE, UK",Birmingham,13/06/2022,74,46,23.3,7.8,15.6
UKE00105909,"WELLESBOURNE, UK",Birmingham,14/06/2022,77,43,25.0,6.1,15.6
UKE00105909,"WELLESBOURNE, UK",Birmingham,15/06/2022,81,45,27.2,7.2,17.2
UKE00105909,"WELLESBOURNE, UK",Birmingham,16/06/2022,87,48,30.6,8.9,19.7
UKE00105909,"WELLESBOURNE, UK",Birmingham,17/06/2022,59,55,15.0,12.8,13.9
UKE00105909,"WELLESBOURNE, UK",Birmingham,18/06/2022,63,58,17.2,14.4,15.8
UKE00105909,"WELLESBOURNE, UK",Birmingham,19/06/2022,70,46,21.1,7.8,14.4
UKE00105909,"WELLESBOURNE, UK",Birmingham,20/06/2022,76,44,24.4,6.7,15.6
UKE00105909,"WELLESBOURNE, UK",Birmingham,21/06/2022,80,44,26.7,6.7,16.7
UKE00105909,"WELLESBOURNE, UK",Birmingham,22/06/2022,72,49,22.2,9.4,15.8
UKE00105909,"WELLESBOURNE, UK",Birmingham,23/06/2022,71,54,21.7,12.2,16.9
UKE00105909,"WELLESBOURNE, UK",Birmingham,24/06/2022,68,59,20.0,15.0,17.5
UKE00105909,"WELLESBOURNE, UK",Birmingham,25/06/2022,71,51,21.7,10.6,16.1
UKE00105909,"WELLESBOURNE, UK",Birmingham,26/06/2022,67,51,19.4,10.6,15.0
UKE00105909,"WELLESBOURNE, UK",Birmingham,27/06/2022,69,51,20.6,10.6,15.6
UKE00105909,"WELLESBOURNE, UK",Birmingham,28/06/2022,70,48,21.1,8.9,15.0
UKE00105909,"WELLESBOURNE, UK",Birmingham,29/06/2022,69,56,20.6,13.3,16.9
UKE00105909,"WELLESBOURNE, UK",Birmingham,30/06/2022,71,54,21.7,12.2,16.9
UKE00105909,"WELLESBOURNE, UK",Birmingham,01/07/2022,66,50,18.9,10.0,14.4
UKE00105909,"WELLESBOURNE, UK",Birmingham,02/07/2022,69,52,20.6,11.1,15.8
UKE00105909,"WELLESBOURNE, UK",Birmingham,03/07/2022,69,45,20.6,7.2,13.9
UKE00105909,"WELLESBOURNE, UK",Birmingham,04/07/2022,72,47,22.2,8.3,15.3
UKE00105909,"WELLESBOURNE, UK",Birmingham,05/07/2022,74,44,23.3,6.7,15.0
UKE00105909,"WELLESBOURNE, UK",Birmingham,06/07/2022,74,51,23.3,10.6,16.9
UKE00105909,"WELLESBOURNE, UK",Birmingham,07/07/2022,81,57,27.2,13.9,20.6
UKE00105909,"WELLESBOURNE, UK",Birmingham,08/07/2022,78,50,25.6,10.0,17.8
UKE00105909,"WELLESBOURNE, UK",Birmingham,09/07/2022,83,52,28.3,11.1,19.7
UKE00105909,"WELLESBOURNE, UK",Birmingham,10/07/2022,88,49,31.1,9.4,20.3
UKE00105909,"WELLESBOURNE, UK",Birmingham,11/07/2022,81,52,27.2,11.1,19.2
UKE00105909,"WELLESBOURNE, UK",Birmingham,12/07/2022,78,63,25.6,17.2,21.4
UKE00105909,"WELLESBOURNE, UK",Birmingham,13/07/2022,73,55,22.8,12.8,17.8
UKE00105909,"WELLESBOURNE, UK",Birmingham,14/07/2022,77,48,25.0,8.9,16.9
UKE00105909,"WELLESBOURNE, UK",Birmingham,15/07/2022,81,47,27.2,8.3,17.8
UKE00105909,"WELLESBOURNE, UK",Birmingham,16/07/2022,89,46,31.7,7.8,19.7
UKE00105909,"WELLESBOURNE, UK",Birmingham,17/07/2022,99,58,37.2,14.4,25.8
UKE00105909,"WELLESBOURNE, UK",Birmingham,18/07/2022,102,55,38.9,12.8,25.8
UKE00105909,"WELLESBOURNE, UK",Birmingham,19/07/2022,73,62,22.8,16.7,19.7
UKE00105909,"WELLESBOURNE, UK",Birmingham,20/07/2022,71,65,21.7,18.3,20.0
UKE00105909,"WELLESBOURNE, UK",Birmingham,21/07/2022,75,54,23.9,12.2,18.1
UKE00105909,"WELLESBOURNE, UK",Birmingham,22/07/2022,74,60,23.3,15.6,19.4
UKE00105909,"WELLESBOURNE, UK",Birmingham,23/07/2022,80,57,26.7,13.9,20.3
UKE00105909,"WELLESBOURNE, UK",Birmingham,24/07/2022,74,64,23.3,17.8,20.6
UKE00105909,"WELLESBOURNE, UK",Birmingham,25/07/2022,71,61,21.7,16.1,18.9
UKE00105909,"WELLESBOURNE, UK",Birmingham,26/07/2022,73,56,22.8,13.3,18.1
UKE00105909,"WELLESBOURNE, UK",Birmingham,27/07/2022,72,45,22.2,7.2,14.7
UKE00105909,"WELLESBOURNE, UK",Birmingham,28/07/2022,78,58,25.6,14.4,20.0
UKE00105909,"WELLESBOURNE, UK",Birmingham,29/07/2022,74,58,23.3,14.4,18.9
UKE00105909,"WELLESBOURNE, UK",Birmingham,30/07/2022,77,60,25.0,15.6,20.3
UKE00105909,"WELLESBOURNE, UK",Birmingham,31/07/2022,80,63,26.7,17.2,21.9
UKE00156872,"PERSHORE COLLEGE, UK",Birmingham,01/07/2021,75,49,23.9,9.4,16.7
UKE00156872,"PERSHORE COLLEGE, UK",Birmingham,02/07/2021,72,54,22.2,12.2,17.2
UKE00156872,"PERSHORE COLLEGE, UK",Birmingham,03/07/2021,70,58,21.1,14.4,17.8
UKE00156872,"PERSHORE COLLEGE, UK",Birmingham,04/07/2021,68,59,20.0,15.0,17.5
UKE00156872,"PERSHORE COLLEGE, UK",Birmingham,05/07/2021,67,55,19.4,12.8,16.1
UKE00156872,"PERSHORE COLLEGE, UK",Birmingham,06/07/2021,72,53,22.2,11.7,16.9
UKE00156872,"PERSHORE COLLEGE, UK",Birmingham,07/07/2021,74,56,23.3,13.3,18.3
UKE00156872,"PERSHORE COLLEGE, UK",Birmingham,08/07/2021,72,56,22.2,13.3,17.8
UKE00156872,"PERSHORE COLLEGE, UK",Birmingham,09/07/2021,68,53,20.0,11.7,15.8
UKE00156872,"PERSHORE COLLEGE, UK",Birmingham,10/07/2021,68,56,20.0,13.3,16.7
UKE00156872,"PERSHORE COLLEGE, UK",Birmingham,11/07/2021,69,54,20.6,12.2,16.4
UKE00156872,"PERSHORE COLLEGE, UK",Birmingham,12/07/2021,74,55,23.3,12.8,18.1
UKE00156872,"PERSHORE COLLEGE, UK",Birmingham,13/07/2021,74,57,23.3,13.9,18.6
UKE00156872,"PERSHORE COLLEGE, UK",Birmingham,14/07/2021,74,53,23.3,11.7,17.5
UKE00156872,"PERSHORE COLLEGE, UK",Birmingham,15/07/2021,82,54,27.8,12.2,20.0
UKE00156872,"PERSHORE COLLEGE, UK",Birmingham,16/07/2021,84,53,28.9,11.7,20.3
UKE00156872,"PERSHORE COLLEGE, UK",Birmingham,17/07/2021,87,56,30.6,13.3,21.9
UKE00156872,"PERSHORE COLLEGE, UK",Birmingham,18/07/2021,86,58,30.0,14.4,22.2
UKE00156872,"PERSHORE COLLEGE, UK",Birmingham,19/07/2021,86,61,30.0,16.1,23.1
UKE00156872,"PERSHORE COLLEGE, UK",Birmingham,20/07/2021,85,61,29.4,16.1,22.8
UKE00156872,"PERSHORE COLLEGE, UK",Birmingham,21/07/2021,87,59,30.6,15.0,22.8
UKE00156872,"PERSHORE COLLEGE, UK",Birmingham,22/07/2021,79,61,26.1,16.1,21.1
UKE00156872,"PERSHORE COLLEGE, UK",Birmingham,23/07/2021,70,60,21.1,15.6,18.3
UKE00156872,"PERSHORE COLLEGE, UK",Birmingham,24/07/2021,71,59,21.7,15.0,18.3
UKE00156872,"PERSHORE COLLEGE, UK",Birmingham,25/07/2021,80,60,26.7,15.6,21.1
UKE00156872,"PERSHORE COLLEGE, UK",Birmingham,26/07/2021,73,54,22.8,12.2,17.5
UKE00156872,"PERSHORE COLLEGE, UK",Birmingham,27/07/2021,67,62,19.4,16.7,18.1
UKE00156872,"PERSHORE COLLEGE, UK",Birmingham,28/07/2021,71,58,21.7,14.4,18.1
UKE00156872,"PERSHORE COLLEGE, UK",Birmingham,29/07/2021,63,51,17.2,10.6,13.9
UKE00156872,"PERSHORE COLLEGE, UK",Birmingham,30/07/2021,71,55,21.7,12.8,17.2
UKE00156872,"PERSHORE COLLEGE, UK",Birmingham,31/07/2021,70,57,21.1,13.9,17.5
UKE00156872,"PERSHORE COLLEGE, UK",Birmingham,01/08/2021,69,54,20.6,12.2,16.4
UKE00156872,"PERSHORE COLLEGE, UK",Birmingham,02/08/2021,71,50,21.7,10.0,15.8
UKE00156872,"PERSHORE COLLEGE, UK",Birmingham,03/08/2021,75,47,23.9,8.3,16.1
UKE00156872,"PERSHORE COLLEGE, UK",Birmingham,04/08/2021,68,50,20.0,10.0,15.0
UKE00156872,"PERSHORE COLLEGE, UK",Birmingham,05/08/2021,71,53,21.7,11.7,16.7
UKE00156872,"PERSHORE COLLEGE, UK",Birmingham,06/08/2021,67,58,19.4,14.4,16.9
UKE00156872,"PERSHORE COLLEGE, UK",Birmingham,07/08/2021,68,54,20.0,12.2,16.1
UKE00156872,"PERSHORE COLLEGE, UK",Birmingham,08/08/2021,70,58,21.1,14.4,17.8
UKE00156872,"PERSHORE COLLEGE, UK",Birmingham,09/08/2021,75,54,23.9,12.2,18.1
UKE00156872,"PERSHORE COLLEGE, UK",Birmingham,10/08/2021,71,53,21.7,11.7,16.7
UKE00156872,"PERSHORE COLLEGE, UK",Birmingham,11/08/2021,73,53,22.8,11.7,17.2
UKE00156872,"PERSHORE COLLEGE, UK",Birmingham,12/08/2021,72,50,22.2,10.0,16.1
UKE00156872,"PERSHORE COLLEGE, UK",Birmingham,13/08/2021,73,56,22.8,13.3,18.1
UKE00156872,"PERSHORE COLLEGE, UK",Birmingham,14/08/2021,70,59,21.1,15.0,18.1
UKE00156872,"PERSHORE COLLEGE, UK",Birmingham,15/08/2021,64,60,17.8,15.6,16.7
UKE00156872,"PERSHORE COLLEGE, UK",Birmingham,16/08/2021,67,52,19.4,11.1,15.3
UKE00156872,"PERSHORE COLLEGE, UK",Birmingham,17/08/2021,72,54,22.2,12.2,17.2
UKE00156872,"PERSHORE COLLEGE, UK",Birmingham,18/08/2021,72,60,22.2,15.6,18.9
UKE00156872,"PERSHORE COLLEGE, UK",Birmingham,19/08/2021,72,56,22.2,13.3,17.8
UKE00156872,"PERSHORE COLLEGE, UK",Birmingham,20/08/2021,67,59,19.4,15.0,17.2
UKE00156872,"PERSHORE COLLEGE, UK",Birmingham,21/08/2021,72,60,22.2,15.6,18.9
UKE00156872,"PERSHORE COLLEGE, UK",Birmingham,22/08/2021,72,55,22.2,12.8,17.5
UKE00156872,"PERSHORE COLLEGE, UK",Birmingham,23/08/2021,70,54,21.1,12.2,16.7
UKE00156872,"PERSHORE COLLEGE, UK",Birmingham,24/08/2021,66,47,18.9,8.3,13.6
UKE00156872,"PERSHORE COLLEGE, UK",Birmingham,25/08/2021,70,54,21.1,12.2,16.7
UKE00156872,"PERSHORE COLLEGE, UK",Birmingham,26/08/2021,64,54,17.8,12.2,15.0
UKE00156872,"PERSHORE COLLEGE, UK",Birmingham,27/08/2021,72,45,22.2,7.2,14.7
UKE00156872,"PERSHORE COLLEGE, UK",Birmingham,28/08/2021,67,47,19.4,8.3,13.9
UKE00156872,"PERSHORE COLLEGE, UK",Birmingham,29/08/2021,62,49,16.7,9.4,13.1
UKE00156872,"PERSHORE COLLEGE, UK",Birmingham,30/08/2021,62,57,16.7,13.9,15.3
UKE00156872,"PERSHORE COLLEGE, UK",Birmingham,31/08/2021,64,54,17.8,12.2,15.0
UKE00156872,"PERSHORE COLLEGE, UK",Birmingham,01/09/2021,67,55,19.4,12.8,16.1
UKE00156872,"PERSHORE COLLEGE, UK",Birmingham,02/09/2021,70,56,21.1,13.3,17.2
UKE00156872,"PERSHORE COLLEGE, UK",Birmingham,03/09/2021,70,57,21.1,13.9,17.5
UKE00156872,"PERSHORE COLLEGE, UK",Birmingham,04/09/2021,78,54,25.6,12.2,18.9
UKE00156872,"PERSHORE COLLEGE, UK",Birmingham,05/09/2021,82,53,27.8,11.7,19.7
UKE00156872,"PERSHORE COLLEGE, UK",Birmingham,06/09/2021,86,55,30.0,12.8,21.4
UKE00156872,"PERSHORE COLLEGE, UK",Birmingham,07/09/2021,85,55,29.4,12.8,21.1
UKE00156872,"PERSHORE COLLEGE, UK",Birmingham,08/09/2021,70,57,21.1,13.9,17.5
UKE00156872,"PERSHORE COLLEGE, UK",Birmingham,09/09/2021,71,60,21.7,15.6,18.6
UKE00156872,"PERSHORE COLLEGE, UK",Birmingham,10/09/2021,72,61,22.2,16.1,19.2
UKE00156872,"PERSHORE COLLEGE, UK",Birmingham,11/09/2021,70,60,21.1,15.6,18.3
UKE00156872,"PERSHORE COLLEGE, UK",Birmingham,12/09/2021,68,51,20.0,10.6,15.3
UKE00156872,"PERSHORE COLLEGE, UK",Birmingham,13/09/2021,62,57,16.7,13.9,15.3
UKE00156872,"PERSHORE COLLEGE, UK",Birmingham,14/09/2021,68,56,20.0,13.3,16.7
UKE00156872,"PERSHORE COLLEGE, UK",Birmingham,15/09/2021,72,54,22.2,12.2,17.2
UKE00156872,"PERSHORE COLLEGE, UK",Birmingham,16/09/2021,70,53,21.1,11.7,16.4
UKE00156872,"PERSHORE COLLEGE, UK",Birmingham,17/09/2021,73,52,22.8,11.1,16.9
UKE00156872,"PERSHORE COLLEGE, UK",Birmingham,18/09/2021,69,48,20.6,8.9,14.7
UKE00156872,"PERSHORE COLLEGE, UK",Birmingham,19/09/2021,69,56,20.6,13.3,16.9
UKE00156872,"PERSHORE COLLEGE, UK",Birmingham,20/09/2021,70,45,21.1,7.2,14.2
UKE00156872,"PERSHORE COLLEGE, UK",Birmingham,21/09/2021,70,45,21.1,7.2,14.2
UKE00156872,"PERSHORE COLLEGE, UK",Birmingham,22/09/2021,73,47,22.8,8.3,15.6
UKE00156872,"PERSHORE COLLEGE, UK",Birmingham,23/09/2021,75,53,23.9,11.7,17.8
UKE00156872,"PERSHORE COLLEGE, UK",Birmingham,24/09/2021,72,50,22.2,10.0,16.1
UKE00156872,"PERSHORE COLLEGE, UK",Birmingham,25/09/2021,70,58,21.1,14.4,17.8
UKE00156872,"PERSHORE COLLEGE, UK",Birmingham,26/09/2021,64,52,17.8,11.1,14.4
UKE00156872,"PERSHORE COLLEGE, UK",Birmingham,27/09/2021,63,51,17.2,10.6,13.9
UKE00156872,"PERSHORE COLLEGE, UK",Birmingham,28/09/2021,60,50,15.6,10.0,12.8
UKE00156872,"PERSHORE COLLEGE, UK",Birmingham,29/09/2021,63,44,17.2,6.7,11.9
UKE00156872,"PERSHORE COLLEGE, UK",Birmingham,30/09/2021,62,46,16.7,7.8,12.2
UKE00156872,"PERSHORE COLLEGE, UK",Birmingham,01/10/2021,57,54,13.9,12.2,13.1
UKE00156872,"PERSHORE COLLEGE, UK",Birmingham,02/10/2021,60,46,15.6,7.8,11.7
UKE00156872,"PERSHORE COLLEGE, UK",Birmingham,03/10/2021,61,46,16.1,7.8,11.9
UKE00156872,"PERSHORE COLLEGE, UK",Birmingham,04/10/2021,60,49,15.6,9.4,12.5
UKE00156872,"PERSHORE COLLEGE, UK",Birmingham,05/10/2021,64,49,17.8,9.4,13.6
UKE00156872,"PERSHORE COLLEGE, UK",Birmingham,06/10/2021,68,48,20.0,8.9,14.4
UKE00156872,"PERSHORE COLLEGE, UK",Birmingham,07/10/2021,62,55,16.7,12.8,14.7
UKE00156872,"PERSHORE COLLEGE, UK",Birmingham,08/10/2021,67,56,19.4,13.3,16.4
UKE00156872,"PERSHORE COLLEGE, UK",Birmingham,09/10/2021,63,55,17.2,12.8,15.0
UKE00156872,"PERSHORE COLLEGE, UK",Birmingham,10/10/2021,62,54,16.7,12.2,14.4
UKE00156872,"PERSHORE COLLEGE, UK",Birmingham,11/10/2021,62,43,16.7,6.1,11.4
UKE00156872,"PERSHORE COLLEGE, UK",Birmingham,12/10/2021,63,45,17.2,7.2,12.2
UKE00156872,"PERSHORE COLLEGE, UK",Birmingham,13/10/2021,61,51,16.1,10.6,13.3
UKE00156872,"PERSHORE COLLEGE, UK",Birmingham,14/10/2021,56,50,13.3,10.0,11.7
UKE00156872,"PERSHORE COLLEGE, UK",Birmingham,15/10/2021,61,51,16.1,10.6,13.3
UKE00156872,"PERSHORE COLLEGE, UK",Birmingham,16/10/2021,65,44,18.3,6.7,12.5
UKE00156872,"PERSHORE COLLEGE, UK",Birmingham,17/10/2021,65,49,18.3,9.4,13.9
UKE00156872,"PERSHORE COLLEGE, UK",Birmingham,18/10/2021,64,49,17.8,9.4,13.6
UKE00156872,"PERSHORE COLLEGE, UK",Birmingham,19/10/2021,62,58,16.7,14.4,15.6
UKE00156872,"PERSHORE COLLEGE, UK",Birmingham,20/10/2021,55,54,12.8,12.2,12.5
UKE00156872,"PERSHORE COLLEGE, UK",Birmingham,21/10/2021,58,44,14.4,6.7,10.6
UKE00156872,"PERSHORE COLLEGE, UK",Birmingham,22/10/2021,56,41,13.3,5.0,9.2
UKE00156872,"PERSHORE COLLEGE, UK",Birmingham,23/10/2021,58,47,14.4,8.3,11.4
UKE00156872,"PERSHORE COLLEGE, UK",Birmingham,24/10/2021,62,51,16.7,10.6,13.6
UKE00156872,"PERSHORE COLLEGE, UK",Birmingham,25/10/2021,61,51,16.1,10.6,13.3
UKE00156872,"PERSHORE COLLEGE, UK",Birmingham,26/10/2021,62,47,16.7,8.3,12.5
UKE00156872,"PERSHORE COLLEGE, UK",Birmingham,27/10/2021,62,54,16.7,12.2,14.4
UKE00156872,"PERSHORE COLLEGE, UK",Birmingham,28/10/2021,59,56,15.0,13.3,14.2
UKE00156872,"PERSHORE COLLEGE, UK",Birmingham,29/10/2021,58,55,14.4,12.8,13.6
UKE00156872,"PERSHORE COLLEGE, UK",Birmingham,30/10/2021,56,49,13.3,9.4,11.4
UKE00156872,"PERSHORE COLLEGE, UK",Birmingham,31/10/2021,57,46,13.9,7.8,10.8
UKE00156872,"PERSHORE COLLEGE, UK",Birmingham,01/11/2021,55,45,12.8,7.2,10.0
UKE00156872,"PERSHORE COLLEGE, UK",Birmingham,02/11/2021,50,39,10.0,3.9,6.9
UKE00156872,"PERSHORE COLLEGE, UK",Birmingham,03/11/2021,50,33,10.0,0.6,5.3
UKE00156872,"PERSHORE COLLEGE, UK",Birmingham,04/11/2021,53,39,11.7,3.9,7.8
UKE00156872,"PERSHORE COLLEGE, UK",Birmingham,05/11/2021,56,31,13.3,-0.6,6.4
UKE00156872,"PERSHORE COLLEGE, UK",Birmingham,06/11/2021,55,36,12.8,2.2,7.5
UKE00156872,"PERSHORE COLLEGE, UK",Birmingham,07/11/2021,56,44,13.3,6.7,10.0
UKE00156872,"PERSHORE COLLEGE, UK",Birmingham,08/11/2021,59,40,15.0,4.4,9.7
UKE00156872,"PERSHORE COLLEGE, UK",Birmingham,09/11/2021,53,45,11.7,7.2,9.4
UKE00156872,"PERSHORE COLLEGE, UK",Birmingham,10/11/2021,59,51,15.0,10.6,12.8
UKE00156872,"PERSHORE COLLEGE, UK",Birmingham,11/11/2021,56,51,13.3,10.6,11.9
UKE00156872,"PERSHORE COLLEGE, UK",Birmingham,12/11/2021,55,49,12.8,9.4,11.1
UKE00156872,"PERSHORE COLLEGE, UK",Birmingham,13/11/2021,53,51,11.7,10.6,11.1
UKE00156872,"PERSHORE COLLEGE, UK",Birmingham,14/11/2021,51,44,10.6,6.7,8.6
UKE00156872,"PERSHORE COLLEGE, UK",Birmingham,15/11/2021,55,46,12.8,7.8,10.3
UKE00156872,"PERSHORE COLLEGE, UK",Birmingham,16/11/2021,54,48,12.2,8.9,10.6
UKE00156872,"PERSHORE COLLEGE, UK",Birmingham,17/11/2021,58,40,14.4,4.4,9.4
UKE00156872,"PERSHORE COLLEGE, UK",Birmingham,18/11/2021,57,44,13.9,6.7,10.3
UKE00156872,"PERSHORE COLLEGE, UK",Birmingham,19/11/2021,51,50,10.6,10.0,10.3
UKE00156872,"PERSHORE COLLEGE, UK",Birmingham,20/11/2021,46,48,7.8,8.9,8.3
UKE00156872,"PERSHORE COLLEGE, UK",Birmingham,21/11/2021,47,36,8.3,2.2,5.3
UKE00156872,"PERSHORE COLLEGE, UK",Birmingham,22/11/2021,44,29,6.7,-1.7,2.5
UKE00156872,"PERSHORE COLLEGE, UK",Birmingham,23/11/2021,46,31,7.8,-0.6,3.6
UKE00156872,"PERSHORE COLLEGE, UK",Birmingham,24/11/2021,45,37,7.2,2.8,5.0
UKE00156872,"PERSHORE COLLEGE, UK",Birmingham,25/11/2021,47,32,8.3,0.0,4.2
UKE00156872,"PERSHORE COLLEGE, UK",Birmingham,26/11/2021,40,35,4.4,1.7,3.1
UKE00156872,"PERSHORE COLLEGE, UK",Birmingham,27/11/2021,40,33,4.4,0.6,2.5
UKE00156872,"PERSHORE COLLEGE, UK",Birmingham,28/11/2021,50,27,10.0,-2.8,3.6
UKE00156872,"PERSHORE COLLEGE, UK",Birmingham,29/11/2021,56,27,13.3,-2.8,5.3
UKE00156872,"PERSHORE COLLEGE, UK",Birmingham,30/11/2021,50,30,10.0,-1.1,4.4
UKE00156872,"PERSHORE COLLEGE, UK",Birmingham,01/12/2021,42,43,5.6,6.1,5.8
UKE00156872,"PERSHORE COLLEGE, UK",Birmingham,02/12/2021,47,29,8.3,-1.7,3.3
UKE00156872,"PERSHORE COLLEGE, UK",Birmingham,03/12/2021,46,32,7.8,0.0,3.9
UKE00156872,"PERSHORE COLLEGE, UK",Birmingham,04/12/2021,44,38,6.7,3.3,5.0
UKE00156872,"PERSHORE COLLEGE, UK",Birmingham,05/12/2021,46,40,7.8,4.4,6.1
UKE00156872,"PERSHORE COLLEGE, UK",Birmingham,06/12/2021,48,32,8.9,0.0,4.4
UKE00156872,"PERSHORE COLLEGE, UK",Birmingham,07/12/2021,45,35,7.2,1.7,4.4
UKE00156872,"PERSHORE COLLEGE, UK",Birmingham,08/12/2021,46,40,7.8,4.4,6.1
UKE00156872,"PERSHORE COLLEGE, UK",Birmingham,09/12/2021,46,39,7.8,3.9,5.8
UKE00156872,"PERSHORE COLLEGE, UK",Birmingham,10/12/2021,53,36,11.7,2.2,6.9
UKE00156872,"PERSHORE COLLEGE, UK",Birmingham,11/12/2021,56,34,13.3,1.1,7.2
UKE00156872,"PERSHORE COLLEGE, UK",Birmingham,12/12/2021,54,42,12.2,5.6,8.9
UKE00156872,"PERSHORE COLLEGE, UK",Birmingham,13/12/2021,55,51,12.8,10.6,11.7
UKE00156872,"PERSHORE COLLEGE, UK",Birmingham,14/12/2021,54,50,12.2,10.0,11.1
UKE00156872,"PERSHORE COLLEGE, UK",Birmingham,15/12/2021,51,46,10.6,7.8,9.2
UKE00156872,"PERSHORE COLLEGE, UK",Birmingham,16/12/2021,49,49,9.4,9.4,9.4
UKE00156872,"PERSHORE COLLEGE, UK",Birmingham,17/12/2021,47,47,8.3,8.3,8.3
UKE00156872,"PERSHORE COLLEGE, UK",Birmingham,18/12/2021,42,40,5.6,4.4,5.0
UKE00156872,"PERSHORE COLLEGE, UK",Birmingham,19/12/2021,43,38,6.1,3.3,4.7
UKE00156872,"PERSHORE COLLEGE, UK",Birmingham,20/12/2021,42,36,5.6,2.2,3.9
UKE00156872,"PERSHORE COLLEGE, UK",Birmingham,21/12/2021,46,36,7.8,2.2,5.0
UKE00156872,"PERSHORE COLLEGE, UK",Birmingham,22/12/2021,53,29,11.7,-1.7,5.0
UKE00156872,"PERSHORE COLLEGE, UK",Birmingham,23/12/2021,48,32,8.9,0.0,4.4
UKE00156872,"PERSHORE COLLEGE, UK",Birmingham,24/12/2021,45,40,7.2,4.4,5.8
UKE00156872,"PERSHORE COLLEGE, UK",Birmingham,25/12/2021,48,42,8.9,5.6,7.2
UKE00156872,"PERSHORE COLLEGE, UK",Birmingham,26/12/2021,52,41,11.1,5.0,8.1
UKE00156872,"PERSHORE COLLEGE, UK",Birmingham,27/12/2021,53,37,11.7,2.8,7.2
UKE00156872,"PERSHORE COLLEGE, UK",Birmingham,28/12/2021,59,45,15.0,7.2,11.1
UKE00156872,"PERSHORE COLLEGE, UK",Birmingham,29/12/2021,58,42,14.4,5.6,10.0
UKE00156872,"PERSHORE COLLEGE, UK",Birmingham,30/12/2021,58,51,14.4,10.6,12.5
UKE00156872,"PERSHORE COLLEGE, UK",Birmingham,31/12/2021,59,54,15.0,12.2,13.6
UKE00156872,"PERSHORE COLLEGE, UK",Birmingham,01/01/2022,53,52,11.7,11.1,11.4
UKE00156872,"PERSHORE COLLEGE, UK",Birmingham,02/01/2022,51,47,10.6,8.3,9.4
UKE00156872,"PERSHORE COLLEGE, UK",Birmingham,03/01/2022,41,46,5.0,7.8,6.4
UKE00156872,"PERSHORE COLLEGE, UK",Birmingham,04/01/2022,44,37,6.7,2.8,4.7
UKE00156872,"PERSHORE COLLEGE, UK",Birmingham,05/01/2022,45,33,7.2,0.6,3.9
UKE00156872,"PERSHORE COLLEGE, UK",Birmingham,06/01/2022,47,26,8.3,-3.3,2.5
UKE00156872,"PERSHORE COLLEGE, UK",Birmingham,07/01/2022,50,35,10.0,1.7,5.8
UKE00156872,"PERSHORE COLLEGE, UK",Birmingham,08/01/2022,48,33,8.9,0.6,4.7
UKE00156872,"PERSHORE COLLEGE, UK",Birmingham,09/01/2022,51,35,10.6,1.7,6.1
UKE00156872,"PERSHORE COLLEGE, UK",Birmingham,10/01/2022,51,36,10.6,2.2,6.4
UKE00156872,"PERSHORE COLLEGE, UK",Birmingham,11/01/2022,45,42,7.2,5.6,6.4
UKE00156872,"PERSHORE COLLEGE, UK",Birmingham,12/01/2022,43,28,6.1,-2.2,1.9
UKE00156872,"PERSHORE COLLEGE, UK",Birmingham,13/01/2022,33,28,0.6,-2.2,-0.8
UKE00156872,"PERSHORE COLLEGE, UK",Birmingham,14/01/2022,42,25,5.6,-3.9,0.8
UKE00156872,"PERSHORE COLLEGE, UK",Birmingham,15/01/2022,47,25,8.3,-3.9,2.2
UKE00156872,"PERSHORE COLLEGE, UK",Birmingham,16/01/2022,49,27,9.4,-2.8,3.3
UKE00156872,"PERSHORE COLLEGE, UK",Birmingham,17/01/2022,44,31,6.7,-0.6,3.1
UKE00156872,"PERSHORE COLLEGE, UK",Birmingham,18/01/2022,50,26,10.0,-3.3,3.3
UKE00156872,"PERSHORE COLLEGE, UK",Birmingham,19/01/2022,41,28,5.0,-2.2,1.4
UKE00156872,"PERSHORE COLLEGE, UK",Birmingham,20/01/2022,41,30,5.0,-1.1,1.9
UKE00156872,"PERSHORE COLLEGE, UK",Birmingham,21/01/2022,44,23,6.7,-5.0,0.8
UKE00156872,"PERSHORE COLLEGE, UK",Birmingham,22/01/2022,40,29,4.4,-1.7,1.4
UKE00156872,"PERSHORE COLLEGE, UK",Birmingham,23/01/2022,40,36,4.4,2.2,3.3
UKE00156872,"PERSHORE COLLEGE, UK",Birmingham,24/01/2022,40,37,4.4,2.8,3.6
UKE00156872,"PERSHORE COLLEGE, UK",Birmingham,25/01/2022,49,35,9.4,1.7,5.6
UKE00156872,"PERSHORE COLLEGE, UK",Birmingham,26/01/2022,57,35,13.9,1.7,7.8
UKE00156872,"PERSHORE COLLEGE, UK",Birmingham,27/01/2022,53,38,11.7,3.3,7.5
UKE00156872,"PERSHORE COLLEGE, UK",Birmingham,28/01/2022,58,31,14.4,-0.6,6.9
UKE00156872,"PERSHORE COLLEGE, UK",Birmingham,29/01/2022,48,38,8.9,3.3,6.1
UKE00156872,"PERSHORE COLLEGE, UK",Birmingham,30/01/2022,51,34,10.6,1.1,5.8
UKE00156872,"PERSHORE COLLEGE, UK",Birmingham,31/01/2022,58,37,14.4,2.8,8.6
UKE00156872,"PERSHORE COLLEGE, UK",Birmingham,01/02/2022,55,40,12.8,4.4,8.6
UKE00156872,"PERSHORE COLLEGE, UK",Birmingham,02/02/2022,54,46,12.2,7.8,10.0
UKE00156872,"PERSHORE COLLEGE, UK",Birmingham,03/02/2022,47,43,8.3,6.1,7.2
UKE00156872,"PERSHORE COLLEGE, UK",Birmingham,04/02/2022,50,37,10.0,2.8,6.4
UKE00156872,"PERSHORE COLLEGE, UK",Birmingham,05/02/2022,51,35,10.6,1.7,6.1
UKE00156872,"PERSHORE COLLEGE, UK",Birmingham,06/02/2022,52,40,11.1,4.4,7.8
UKE00156872,"PERSHORE COLLEGE, UK",Birmingham,07/02/2022,56,35,13.3,1.7,7.5
UKE00156872,"PERSHORE COLLEGE, UK",Birmingham,08/02/2022,52,42,11.1,5.6,8.3
UKE00156872,"PERSHORE COLLEGE, UK",Birmingham,09/02/2022,47,47,8.3,8.3,8.3
UKE00156872,"PERSHORE COLLEGE, UK",Birmingham,10/02/2022,49,39,9.4,3.9,6.7
UKE00156872,"PERSHORE COLLEGE, UK",Birmingham,11/02/2022,50,33,10.0,0.6,5.3
UKE00156872,"PERSHORE COLLEGE, UK",Birmingham,12/02/2022,51,37,10.6,2.8,6.7
UKE00156872,"PERSHORE COLLEGE, UK",Birmingham,13/02/2022,48,43,8.9,6.1,7.5
UKE00156872,"PERSHORE COLLEGE, UK",Birmingham,14/02/2022,56,42,13.3,5.6,9.4
UKE00156872,"PERSHORE COLLEGE, UK",Birmingham,15/02/2022,63,36,17.2,2.2,9.7
UKE00156872,"PERSHORE COLLEGE, UK",Birmingham,16/02/2022,54,45,12.2,7.2,9.7
UKE00156872,"PERSHORE COLLEGE, UK",Birmingham,17/02/2022,49,44,9.4,6.7,8.1
UKE00156872,"PERSHORE COLLEGE, UK",Birmingham,18/02/2022,52,43,11.1,6.1,8.6
UKE00156872,"PERSHORE COLLEGE, UK",Birmingham,19/02/2022,55,35,12.8,1.7,7.2
UKE00156872,"PERSHORE COLLEGE, UK",Birmingham,20/02/2022,54,38,12.2,3.3,7.8
UKE00156872,"PERSHORE COLLEGE, UK",Birmingham,21/02/2022,57,39,13.9,3.9,8.9
UKE00156872,"PERSHORE COLLEGE, UK",Birmingham,22/02/2022,51,41,10.6,5.0,7.8
UKE00156872,"PERSHORE COLLEGE, UK",Birmingham,23/02/2022,46,39,7.8,3.9,5.8
UKE00156872,"PERSHORE COLLEGE, UK",Birmingham,24/02/2022,54,39,12.2,3.9,8.1
UKE00156872,"PERSHORE COLLEGE, UK",Birmingham,25/02/2022,53,36,11.7,2.2,6.9
UKE00156872,"PERSHORE COLLEGE, UK",Birmingham,26/02/2022,53,35,11.7,1.7,6.7
UKE00156872,"PERSHORE COLLEGE, UK",Birmingham,27/02/2022,54,36,12.2,2.2,7.2
UKE00156872,"PERSHORE COLLEGE, UK",Birmingham,28/02/2022,47,40,8.3,4.4,6.4
UKE00156872,"PERSHORE COLLEGE, UK",Birmingham,01/03/2022,47,40,8.3,4.4,6.4
UKE00156872,"PERSHORE COLLEGE, UK",Birmingham,02/03/2022,51,42,10.6,5.6,8.1
UKE00156872,"PERSHORE COLLEGE, UK",Birmingham,03/03/2022,51,44,10.6,6.7,8.6
UKE00156872,"PERSHORE COLLEGE, UK",Birmingham,04/03/2022,48,40,8.9,4.4,6.7
UKE00156872,"PERSHORE COLLEGE, UK",Birmingham,05/03/2022,47,34,8.3,1.1,4.7
UKE00156872,"PERSHORE COLLEGE, UK",Birmingham,06/03/2022,48,37,8.9,2.8,5.8
UKE00156872,"PERSHORE COLLEGE, UK",Birmingham,07/03/2022,53,34,11.7,1.1,6.4
UKE00156872,"PERSHORE COLLEGE, UK",Birmingham,08/03/2022,56,31,13.3,-0.6,6.4
UKE00156872,"PERSHORE COLLEGE, UK",Birmingham,09/03/2022,58,41,14.4,5.0,9.7
UKE00156872,"PERSHORE COLLEGE, UK",Birmingham,10/03/2022,53,50,11.7,10.0,10.8
UKE00156872,"PERSHORE COLLEGE, UK",Birmingham,11/03/2022,56,47,13.3,8.3,10.8
UKE00156872,"PERSHORE COLLEGE, UK",Birmingham,12/03/2022,56,43,13.3,6.1,9.7
UKE00156872,"PERSHORE COLLEGE, UK",Birmingham,13/03/2022,58,45,14.4,7.2,10.8
UKE00156872,"PERSHORE COLLEGE, UK",Birmingham,14/03/2022,59,38,15.0,3.3,9.2
UKE00156872,"PERSHORE COLLEGE, UK",Birmingham,15/03/2022,53,32,11.7,0.0,5.8
UKE00156872,"PERSHORE COLLEGE, UK",Birmingham,16/03/2022,58,44,14.4,6.7,10.6
UKE00156872,"PERSHORE COLLEGE, UK",Birmingham,17/03/2022,60,35,15.6,1.7,8.6
UKE00156872,"PERSHORE COLLEGE, UK",Birmingham,18/03/2022,60,37,15.6,2.8,9.2
UKE00156872,"PERSHORE COLLEGE, UK",Birmingham,19/03/2022,53,40,11.7,4.4,8.1
UKE00156872,"PERSHORE COLLEGE, UK",Birmingham,20/03/2022,58,34,14.4,1.1,7.8
UKE00156872,"PERSHORE COLLEGE, UK",Birmingham,21/03/2022,65,31,18.3,-0.6,8.9
UKE00156872,"PERSHORE COLLEGE, UK",Birmingham,22/03/2022,66,40,18.9,4.4,11.7
UKE00156872,"PERSHORE COLLEGE, UK",Birmingham,23/03/2022,65,37,18.3,2.8,10.6
UKE00156872,"PERSHORE COLLEGE, UK",Birmingham,24/03/2022,64,35,17.8,1.7,9.7
UKE00156872,"PERSHORE COLLEGE, UK",Birmingham,25/03/2022,64,37,17.8,2.8,10.3
UKE00156872,"PERSHORE COLLEGE, UK",Birmingham,26/03/2022,58,38,14.4,3.3,8.9
UKE00156872,"PERSHORE COLLEGE, UK",Birmingham,27/03/2022,60,37,15.6,2.8,9.2
UKE00156872,"PERSHORE COLLEGE, UK",Birmingham,28/03/2022,49,37,9.4,2.8,6.1
UKE00156872,"PERSHORE COLLEGE, UK",Birmingham,29/03/2022,49,44,9.4,6.7,8.1
UKE00156872,"PERSHORE COLLEGE, UK",Birmingham,30/03/2022,45,40,7.2,4.4,5.8
UKE00156872,"PERSHORE COLLEGE, UK",Birmingham,31/03/2022,48,31,8.9,-0.6,4.2
UKE00156872,"PERSHORE COLLEGE, UK",Birmingham,01/04/2022,50,32,10.0,0.0,5.0
UKE00156872,"PERSHORE COLLEGE, UK",Birmingham,02/04/2022,54,29,12.2,-1.7,5.3
UKE00156872,"PERSHORE COLLEGE, UK",Birmingham,03/04/2022,60,26,15.6,-3.3,6.1
UKE00156872,"PERSHORE COLLEGE, UK",Birmingham,04/04/2022,59,41,15.0,5.0,10.0
UKE00156872,"PERSHORE COLLEGE, UK",Birmingham,05/04/2022,57,49,13.9,9.4,11.7
UKE00156872,"PERSHORE COLLEGE, UK",Birmingham,06/04/2022,54,47,12.2,8.3,10.3
UKE00156872,"PERSHORE COLLEGE, UK",Birmingham,07/04/2022,54,45,12.2,7.2,9.7
UKE00156872,"PERSHORE COLLEGE, UK",Birmingham,08/04/2022,56,31,13.3,-0.6,6.4
UKE00156872,"PERSHORE COLLEGE, UK",Birmingham,09/04/2022,56,31,13.3,-0.6,6.4
UKE00156872,"PERSHORE COLLEGE, UK",Birmingham,10/04/2022,63,28,17.2,-2.2,7.5
UKE00156872,"PERSHORE COLLEGE, UK",Birmingham,11/04/2022,58,39,14.4,3.9,9.2
UKE00156872,"PERSHORE COLLEGE, UK",Birmingham,12/04/2022,64,47,17.8,8.3,13.1
UKE00156872,"PERSHORE COLLEGE, UK",Birmingham,13/04/2022,63,50,17.2,10.0,13.6
UKE00156872,"PERSHORE COLLEGE, UK",Birmingham,14/04/2022,71,42,21.7,5.6,13.6
UKE00156872,"PERSHORE COLLEGE, UK",Birmingham,15/04/2022,70,42,21.1,5.6,13.3
UKE00156872,"PERSHORE COLLEGE, UK",Birmingham,16/04/2022,67,44,19.4,6.7,13.1
UKE00156872,"PERSHORE COLLEGE, UK",Birmingham,17/04/2022,61,44,16.1,6.7,11.4
UKE00156872,"PERSHORE COLLEGE, UK",Birmingham,18/04/2022,57,44,13.9,6.7,10.3
UKE00156872,"PERSHORE COLLEGE, UK",Birmingham,19/04/2022,64,39,17.8,3.9,10.8
UKE00156872,"PERSHORE COLLEGE, UK",Birmingham,20/04/2022,64,40,17.8,4.4,11.1
UKE00156872,"PERSHORE COLLEGE, UK",Birmingham,21/04/2022,61,41,16.1,5.0,10.6
UKE00156872,"PERSHORE COLLEGE, UK",Birmingham,22/04/2022,62,42,16.7,5.6,11.1
UKE00156872,"PERSHORE COLLEGE, UK",Birmingham,23/04/2022,63,43,17.2,6.1,11.7
UKE00156872,"PERSHORE COLLEGE, UK",Birmingham,24/04/2022,59,44,15.0,6.7,10.8
UKE00156872,"PERSHORE COLLEGE, UK",Birmingham,25/04/2022,60,39,15.6,3.9,9.7
UKE00156872,"PERSHORE COLLEGE, UK",Birmingham,26/04/2022,53,39,11.7,3.9,7.8
UKE00156872,"PERSHORE COLLEGE, UK",Birmingham,27/04/2022,53,36,11.7,2.2,6.9
UKE00156872,"PERSHORE COLLEGE, UK",Birmingham,28/04/2022,56,40,13.3,4.4,8.9
UKE00156872,"PERSHORE COLLEGE, UK",Birmingham,29/04/2022,62,45,16.7,7.2,11.9
UKE00156872,"PERSHORE COLLEGE, UK",Birmingham,30/04/2022,55,32,12.8,0.0,6.4
UKE00156872,"PERSHORE COLLEGE, UK",Birmingham,01/05/2022,59,45,15.0,7.2,11.1
UKE00156872,"PERSHORE COLLEGE, UK",Birmingham,02/05/2022,61,48,16.1,8.9,12.5
UKE00156872,"PERSHORE COLLEGE, UK",Birmingham,03/05/2022,65,50,18.3,10.0,14.2
UKE00156872,"PERSHORE COLLEGE, UK",Birmingham,04/05/2022,69,48,20.6,8.9,14.7
UKE00156872,"PERSHORE COLLEGE, UK",Birmingham,05/05/2022,67,41,19.4,5.0,12.2
UKE00156872,"PERSHORE COLLEGE, UK",Birmingham,06/05/2022,67,47,19.4,8.3,13.9
UKE00156872,"PERSHORE COLLEGE, UK",Birmingham,07/05/2022,67,50,19.4,10.0,14.7
UKE00156872,"PERSHORE COLLEGE, UK",Birmingham,08/05/2022,69,50,20.6,10.0,15.3
UKE00156872,"PERSHORE COLLEGE, UK",Birmingham,09/05/2022,68,45,20.0,7.2,13.6
UKE00156872,"PERSHORE COLLEGE, UK",Birmingham,10/05/2022,63,55,17.2,12.8,15.0
UKE00156872,"PERSHORE COLLEGE, UK",Birmingham,11/05/2022,64,51,17.8,10.6,14.2
UKE00156872,"PERSHORE COLLEGE, UK",Birmingham,12/05/2022,67,45,19.4,7.2,13.3
UKE00156872,"PERSHORE COLLEGE, UK",Birmingham,13/05/2022,71,49,21.7,9.4,15.6
UKE00156872,"PERSHORE COLLEGE, UK",Birmingham,14/05/2022,67,44,19.4,6.7,13.1
UKE00156872,"PERSHORE COLLEGE, UK",Birmingham,15/05/2022,70,51,21.1,10.6,15.8
UKE00156872,"PERSHORE COLLEGE, UK",Birmingham,16/05/2022,73,55,22.8,12.8,17.8
UKE00156872,"PERSHORE COLLEGE, UK",Birmingham,17/05/2022,69,50,20.6,10.0,15.3
UKE00156872,"PERSHORE COLLEGE, UK",Birmingham,18/05/2022,67,51,19.4,10.6,15.0
UKE00156872,"PERSHORE COLLEGE, UK",Birmingham,19/05/2022,66,50,18.9,10.0,14.4
UKE00156872,"PERSHORE COLLEGE, UK",Birmingham,20/05/2022,68,52,20.0,11.1,15.6
UKE00156872,"PERSHORE COLLEGE, UK",Birmingham,21/05/2022,72,48,22.2,8.9,15.6
UKE00156872,"PERSHORE COLLEGE, UK",Birmingham,22/05/2022,64,47,17.8,8.3,13.1
UKE00156872,"PERSHORE COLLEGE, UK",Birmingham,23/05/2022,64,55,17.8,12.8,15.3
UKE00156872,"PERSHORE COLLEGE, UK",Birmingham,24/05/2022,65,48,18.3,8.9,13.6
UKE00156872,"PERSHORE COLLEGE, UK",Birmingham,25/05/2022,67,47,19.4,8.3,13.9
UKE00156872,"PERSHORE COLLEGE, UK",Birmingham,26/05/2022,65,50,18.3,10.0,14.2
UKE00156872,"PERSHORE COLLEGE, UK",Birmingham,27/05/2022,65,47,18.3,8.3,13.3
UKE00156872,"PERSHORE COLLEGE, UK",Birmingham,28/05/2022,58,43,14.4,6.1,10.3
UKE00156872,"PERSHORE COLLEGE, UK",Birmingham,29/05/2022,62,46,16.7,7.8,12.2
UKE00156872,"PERSHORE COLLEGE, UK",Birmingham,30/05/2022,61,45,16.1,7.2,11.7
UKE00156872,"PERSHORE COLLEGE, UK",Birmingham,31/05/2022,65,44,18.3,6.7,12.5
UKE00156872,"PERSHORE COLLEGE, UK",Birmingham,01/06/2022,69,46,20.6,7.8,14.2
UKE00156872,"PERSHORE COLLEGE, UK",Birmingham,02/06/2022,70,42,21.1,5.6,13.3
UKE00156872,"PERSHORE COLLEGE, UK",Birmingham,03/06/2022,61,49,16.1,9.4,12.8
UKE00156872,"PERSHORE COLLEGE, UK",Birmingham,04/06/2022,,51,-17.8,10.6,-3.6
UKE00156872,"PERSHORE COLLEGE, UK",Birmingham,05/06/2022,,49,-17.8,9.4,-4.2
UKE00156872,"PERSHORE COLLEGE, UK",Birmingham,15/06/2022,79,,26.1,-17.8,4.2
UKE00156872,"PERSHORE COLLEGE, UK",Birmingham,16/06/2022,85,,29.4,-17.8,5.8
UKE00156872,"PERSHORE COLLEGE, UK",Birmingham,17/06/2022,59,56,15.0,13.3,14.2
UKE00156872,"PERSHORE COLLEGE, UK",Birmingham,18/06/2022,62,58,16.7,14.4,15.6
UKE00156872,"PERSHORE COLLEGE, UK",Birmingham,19/06/2022,70,44,21.1,6.7,13.9
UKE00156872,"PERSHORE COLLEGE, UK",Birmingham,20/06/2022,76,46,24.4,7.8,16.1
UKE00156872,"PERSHORE COLLEGE, UK",Birmingham,21/06/2022,80,45,26.7,7.2,16.9
UKE00156872,"PERSHORE COLLEGE, UK",Birmingham,22/06/2022,75,50,23.9,10.0,16.9
UKE00156872,"PERSHORE COLLEGE, UK",Birmingham,23/06/2022,70,52,21.1,11.1,16.1
UKE00156872,"PERSHORE COLLEGE, UK",Birmingham,24/06/2022,69,59,20.6,15.0,17.8
UKE00156872,"PERSHORE COLLEGE, UK",Birmingham,25/06/2022,68,52,20.0,11.1,15.6
UKE00156872,"PERSHORE COLLEGE, UK",Birmingham,26/06/2022,67,52,19.4,11.1,15.3
UKE00156872,"PERSHORE COLLEGE, UK",Birmingham,27/06/2022,66,53,18.9,11.7,15.3
UKE00156872,"PERSHORE COLLEGE, UK",Birmingham,28/06/2022,69,49,20.6,9.4,15.0
UKE00156872,"PERSHORE COLLEGE, UK",Birmingham,29/06/2022,69,55,20.6,12.8,16.7
UKE00156872,"PERSHORE COLLEGE, UK",Birmingham,30/06/2022,70,53,21.1,11.7,16.4
UKE00156872,"PERSHORE COLLEGE, UK",Birmingham,01/07/2022,66,48,18.9,8.9,13.9
UKE00156872,"PERSHORE COLLEGE, UK",Birmingham,02/07/2022,68,53,20.0,11.7,15.8
UKE00156872,"PERSHORE COLLEGE, UK",Birmingham,03/07/2022,70,47,21.1,8.3,14.7
UKE00156872,"PERSHORE COLLEGE, UK",Birmingham,04/07/2022,71,49,21.7,9.4,15.6
UKE00156872,"PERSHORE COLLEGE, UK",Birmingham,05/07/2022,75,47,23.9,8.3,16.1
UKE00156872,"PERSHORE COLLEGE, UK",Birmingham,06/07/2022,72,51,22.2,10.6,16.4
UKE00156872,"PERSHORE COLLEGE, UK",Birmingham,07/07/2022,81,58,27.2,14.4,20.8
UKE00156872,"PERSHORE COLLEGE, UK",Birmingham,08/07/2022,78,52,25.6,11.1,18.3
UKE00156872,"PERSHORE COLLEGE, UK",Birmingham,09/07/2022,82,53,27.8,11.7,19.7
UKE00156872,"PERSHORE COLLEGE, UK",Birmingham,10/07/2022,87,51,30.6,10.6,20.6
UKE00156872,"PERSHORE COLLEGE, UK",Birmingham,11/07/2022,81,54,27.2,12.2,19.7
UKE00156872,"PERSHORE COLLEGE, UK",Birmingham,12/07/2022,77,65,25.0,18.3,21.7
UKE00156872,"PERSHORE COLLEGE, UK",Birmingham,13/07/2022,72,57,22.2,13.9,18.1
UKE00156872,"PERSHORE COLLEGE, UK",Birmingham,14/07/2022,76,47,24.4,8.3,16.4
UKE00156872,"PERSHORE COLLEGE, UK",Birmingham,15/07/2022,80,46,26.7,7.8,17.2
UKE00156872,"PERSHORE COLLEGE, UK",Birmingham,16/07/2022,87,48,30.6,8.9,19.7
UKE00156872,"PERSHORE COLLEGE, UK",Birmingham,17/07/2022,98,57,36.7,13.9,25.3
UKE00156872,"PERSHORE COLLEGE, UK",Birmingham,18/07/2022,99,55,37.2,12.8,25.0
UKE00156872,"PERSHORE COLLEGE, UK",Birmingham,19/07/2022,71,65,21.7,18.3,20.0
UKE00156872,"PERSHORE COLLEGE, UK",Birmingham,20/07/2022,71,65,21.7,18.3,20.0
UKE00156872,"PERSHORE COLLEGE, UK",Birmingham,21/07/2022,76,53,24.4,11.7,18.1
UKE00156872,"PERSHORE COLLEGE, UK",Birmingham,22/07/2022,73,60,22.8,15.6,19.2
UKE00156872,"PERSHORE COLLEGE, UK",Birmingham,23/07/2022,78,55,25.6,12.8,19.2
UKE00156872,"PERSHORE COLLEGE, UK",Birmingham,24/07/2022,73,64,22.8,17.8,20.3
UKE00156872,"PERSHORE COLLEGE, UK",Birmingham,25/07/2022,71,60,21.7,15.6,18.6
UKE00156872,"PERSHORE COLLEGE, UK",Birmingham,26/07/2022,72,57,22.2,13.9,18.1
UKE00156872,"PERSHORE COLLEGE, UK",Birmingham,27/07/2022,71,45,21.7,7.2,14.4
UKE00156872,"PERSHORE COLLEGE, UK",Birmingham,28/07/2022,78,58,25.6,14.4,20.0
UKE00156872,"PERSHORE COLLEGE, UK",Birmingham,29/07/2022,72,58,22.2,14.4,18.3
UKE00156872,"PERSHORE COLLEGE, UK",Birmingham,30/07/2022,77,59,25.0,15.0,20.0
UKE00156872,"PERSHORE COLLEGE, UK",Birmingham,31/07/2022,79,63,26.1,17.2,21.7
